rank_by_return,strategy_name,rsi_period,rsi_buy,rsi_sell,rsi_buy_period,rsi_sell_period,rsi_oversold,rsi_recovery_delta,bias_period,bias_buy,bias_sell,bias_fast_period,bias_fast_buy,bias_slow_period,bias_slow_sell,bias_cross_threshold,bb_period,bb_std,bb_width_threshold,trailing_stop_pct,consecutive_days,total_return_pct,annualized_return_pct,max_drawdown_pct,win_rate_pct,wins,losses,total_trades,profit_factor,sharpe,buy_hold_return_pct,backtest_start,backtest_end,trading_days
1,AsymRSI buy=RSI(5)<30 sell=RSI(28)>80,,30,80,5,28,,,,,,,,,,,,,,,,1077.37,50.1,-53.52,100.0,6,0,12,999,1.2233,1083.5,2020-01-02,2026-04-28,1530
2,AsymRSI buy=RSI(5)<35 sell=RSI(28)>80,,35,80,5,28,,,,,,,,,,,,,,,,1071.21,49.97,-53.47,100.0,6,0,12,999,1.2113,1083.5,2020-01-02,2026-04-28,1530
3,AsymRSI buy=RSI(5)<35 sell=RSI(28)>75,,35,75,5,28,,,,,,,,,,,,,,,,1053.57,49.6,-48.94,78.95,15,4,38,7.24,1.2407,1083.5,2020-01-02,2026-04-28,1530
4,AsymRSI buy=RSI(7)<25 sell=RSI(28)>80,,25,80,7,28,,,,,,,,,,,,,,,,1044.82,49.41,-53.61,100.0,6,0,12,999,1.2322,1083.5,2020-01-02,2026-04-28,1530
5,AsymRSI buy=RSI(5)<25 sell=RSI(28)>80,,25,80,5,28,,,,,,,,,,,,,,,,1044.44,49.4,-53.52,100.0,6,0,12,999,1.2142,1083.5,2020-01-02,2026-04-28,1530
6,AsymRSI buy=RSI(5)<35 sell=RSI(21)>80,,35,80,5,21,,,,,,,,,,,,,,,,967.18,47.69,-53.28,93.33,14,1,30,14.03,1.1925,1083.5,2020-01-02,2026-04-28,1530
7,AsymRSI buy=RSI(7)<30 sell=RSI(28)>80,,30,80,7,28,,,,,,,,,,,,,,,,960.24,47.53,-53.46,100.0,6,0,12,999,1.1807,1083.5,2020-01-02,2026-04-28,1530
8,AsymRSI buy=RSI(5)<30 sell=RSI(21)>80,,30,80,5,21,,,,,,,,,,,,,,,,940.76,47.08,-53.28,93.33,14,1,30,13.37,1.1934,1083.5,2020-01-02,2026-04-28,1530
9,AsymRSI buy=RSI(7)<35 sell=RSI(28)>80,,35,80,7,28,,,,,,,,,,,,,,,,918.67,46.56,-53.46,100.0,6,0,12,999,1.1636,1083.5,2020-01-02,2026-04-28,1530
10,AsymRSI buy=RSI(5)<30 sell=RSI(28)>75,,30,75,5,28,,,,,,,,,,,,,,,,894.44,45.98,-48.94,76.47,13,4,34,6.25,1.1813,1083.5,2020-01-02,2026-04-28,1530
11,AsymRSI buy=RSI(10)<35 sell=RSI(28)>80,,35,80,10,28,,,,,,,,,,,,,,,,887.6,45.82,-53.61,100.0,6,0,12,999,1.1762,1083.5,2020-01-02,2026-04-28,1530
12,AsymRSI buy=RSI(7)<25 sell=RSI(21)>80,,25,80,7,21,,,,,,,,,,,,,,,,808.96,43.84,-48.95,92.86,13,1,28,16.08,1.1697,1083.5,2020-01-02,2026-04-28,1530
13,AsymRSI buy=RSI(5)<25 sell=RSI(21)>80,,25,80,5,21,,,,,,,,,,,,,,,,786.29,43.24,-52.96,93.33,14,1,30,11.67,1.1346,1083.5,2020-01-02,2026-04-28,1530
14,AsymRSI buy=RSI(5)<25 sell=RSI(28)>75,,25,75,5,28,,,,,,,,,,,,,,,,785.69,43.23,-48.94,76.47,13,4,34,6.19,1.1375,1083.5,2020-01-02,2026-04-28,1530
15,AsymRSI buy=RSI(7)<35 sell=RSI(28)>75,,35,75,7,28,,,,,,,,,,,,,,,,767.77,42.74,-48.74,75.0,12,4,32,8.94,1.1345,1083.5,2020-01-02,2026-04-28,1530
16,BIAS-mom(5) cross>-3% sell>=10%,,,,,,,,5,,10,,,,,-3,,,,,,760.44,42.55,-55.0,50.0,1,1,4,27.01,1.0639,1083.5,2020-01-02,2026-04-28,1530
17,BIAS-mom(5) cross>-2% sell>=10%,,,,,,,,5,,10,,,,,-2,,,,,,748.98,42.23,-55.0,50.0,1,1,4,26.62,1.0588,1083.5,2020-01-02,2026-04-28,1530
18,AsymRSI buy=RSI(7)<30 sell=RSI(28)>75,,30,75,7,28,,,,,,,,,,,,,,,,729.87,41.7,-48.74,73.33,11,4,30,8.71,1.1175,1083.5,2020-01-02,2026-04-28,1530
19,BIAS-mom(10) cross>-3% sell>=10%,,,,,,,,10,,10,,,,,-3,,,,,,728.96,41.67,-50.92,83.33,5,1,12,20.88,1.0896,1083.5,2020-01-02,2026-04-28,1530
20,BIAS-mom(10) cross>-2% sell>=10%,,,,,,,,10,,10,,,,,-2,,,,,,728.96,41.67,-50.92,83.33,5,1,12,20.88,1.0896,1083.5,2020-01-02,2026-04-28,1530
21,AsymRSI buy=RSI(7)<25 sell=RSI(28)>75,,25,75,7,28,,,,,,,,,,,,,,,,708.87,41.1,-48.85,71.43,10,4,28,8.93,1.1187,1083.5,2020-01-02,2026-04-28,1530
22,AsymRSI buy=RSI(10)<35 sell=RSI(21)>80,,35,80,10,21,,,,,,,,,,,,,,,,679.89,40.26,-48.96,92.86,13,1,28,14.69,1.1088,1083.5,2020-01-02,2026-04-28,1530
23,AsymRSI buy=RSI(7)<30 sell=RSI(21)>80,,30,80,7,21,,,,,,,,,,,,,,,,674.82,40.11,-48.95,92.86,13,1,28,13.32,1.0773,1083.5,2020-01-02,2026-04-28,1530
24,BIAS-mom(5) cross>-2% sell>=7%,,,,,,,,5,,7,,,,,-2,,,,,,669.44,39.95,-51.81,60.0,3,2,10,8.16,1.0395,1083.5,2020-01-02,2026-04-28,1530
25,BIAS-mom(5) cross>-3% sell>=7%,,,,,,,,5,,7,,,,,-3,,,,,,657.72,39.59,-53.11,60.0,3,2,10,7.58,1.0343,1083.5,2020-01-02,2026-04-28,1530
26,BIAS-mom(10) cross>-5% sell>=10%,,,,,,,,10,,10,,,,,-5,,,,,,652.65,39.44,-50.94,80.0,4,1,10,13.42,1.0503,1083.5,2020-01-02,2026-04-28,1530
27,AsymRSI buy=RSI(5)<35 sell=RSI(21)>75,,35,75,5,21,,,,,,,,,,,,,,,,634.89,38.89,-48.94,85.71,18,3,42,4.16,1.0529,1083.5,2020-01-02,2026-04-28,1530
28,AsymRSI buy=RSI(7)<35 sell=RSI(21)>80,,35,80,7,21,,,,,,,,,,,,,,,,625.11,38.58,-52.92,92.86,13,1,28,12.89,1.0445,1083.5,2020-01-02,2026-04-28,1530
29,AsymRSI buy=RSI(10)<35 sell=RSI(28)>75,,35,75,10,28,,,,,,,,,,,,,,,,601.34,37.83,-48.85,78.57,11,3,28,8.49,1.0634,1083.5,2020-01-02,2026-04-28,1530
30,AsymRSI buy=RSI(5)<30 sell=RSI(21)>75,,30,75,5,21,,,,,,,,,,,,,,,,598.92,37.75,-48.94,84.21,16,3,38,4.04,1.0392,1083.5,2020-01-02,2026-04-28,1530
31,AsymRSI buy=RSI(5)<35 sell=RSI(14)>80,,35,80,5,14,,,,,,,,,,,,,,,,583.85,37.25,-48.93,78.26,18,5,46,4.49,1.0257,1083.5,2020-01-02,2026-04-28,1530
32,AsymRSI buy=RSI(10)<30 sell=RSI(28)>80,,30,80,10,28,,,,,,,,,,,,,,,,564.06,36.59,-53.58,100.0,5,0,10,999,1.0308,1083.5,2020-01-02,2026-04-28,1530
33,AsymRSI buy=RSI(5)<30 sell=RSI(14)>80,,30,80,5,14,,,,,,,,,,,,,,,,488.9,33.92,-51.33,78.26,18,5,46,3.98,0.9725,1083.5,2020-01-02,2026-04-28,1530
34,AsymRSI buy=RSI(5)<25 sell=RSI(21)>75,,25,75,5,21,,,,,,,,,,,,,,,,446.14,32.26,-48.94,84.21,16,3,38,3.73,0.94,1083.5,2020-01-02,2026-04-28,1530
35,AsymRSI buy=RSI(10)<30 sell=RSI(28)>75,,30,75,10,28,,,,,,,,,,,,,,,,435.24,31.82,-48.85,76.92,10,3,26,6.67,0.9702,1083.5,2020-01-02,2026-04-28,1530
36,BIAS-mom(5) cross>-5% sell>=10%,,,,,,,,5,,10,,,,,-5,,,,,,431.41,31.67,-54.75,50.0,1,1,4,15.77,0.8862,1083.5,2020-01-02,2026-04-28,1530
37,AsymRSI buy=RSI(10)<30 sell=RSI(21)>80,,30,80,10,21,,,,,,,,,,,,,,,,427.68,31.52,-48.96,91.67,11,1,24,10.98,0.9608,1083.5,2020-01-02,2026-04-28,1530
38,AsymRSI buy=RSI(10)<25 sell=RSI(28)>80,,25,80,10,28,,,,,,,,,,,,,,,,424.33,31.38,-53.58,100.0,4,0,8,999,0.9395,1083.5,2020-01-02,2026-04-28,1530
39,AsymRSI buy=RSI(7)<35 sell=RSI(28)>70,,35,70,7,28,,,,,,,,,,,,,,,,400.34,30.37,-48.81,82.61,19,4,46,5.9,0.9123,1083.5,2020-01-02,2026-04-28,1530
40,AsymRSI buy=RSI(5)<25 sell=RSI(14)>80,,25,80,5,14,,,,,,,,,,,,,,,,391.09,29.97,-50.43,77.27,17,5,44,3.67,0.8986,1083.5,2020-01-02,2026-04-28,1530
41,MT-BIAS buy=BIAS(5)<=-3% sell=BIAS(15)>=10%,,,,,,,,,,,5,-3,15,10,,,,,,,387.22,29.8,-48.97,69.23,9,4,26,4.02,0.8789,1083.5,2020-01-02,2026-04-28,1530
42,AsymRSI buy=RSI(5)<30 sell=RSI(28)>70,,30,70,5,28,,,,,,,,,,,,,,,,378.45,29.41,-48.81,80.0,20,5,50,4.64,0.8833,1083.5,2020-01-02,2026-04-28,1530
43,AsymRSI buy=RSI(5)<35 sell=RSI(28)>70,,35,70,5,28,,,,,,,,,,,,,,,,371.71,29.11,-48.74,82.76,24,5,58,4.33,0.8751,1083.5,2020-01-02,2026-04-28,1530
44,MT-BIAS buy=BIAS(7)<=-3% sell=BIAS(15)>=10%,,,,,,,,,,,7,-3,15,10,,,,,,,368.57,28.97,-49.83,66.67,8,4,24,3.87,0.8673,1083.5,2020-01-02,2026-04-28,1530
45,MT-BIAS buy=BIAS(7)<=-3% sell=BIAS(20)>=10%,,,,,,,,,,,7,-3,20,10,,,,,,,353.02,28.25,-49.46,75.0,9,3,24,4.5,0.8575,1083.5,2020-01-02,2026-04-28,1530
46,AsymRSI buy=RSI(7)<30 sell=RSI(28)>70,,30,70,7,28,,,,,,,,,,,,,,,,351.77,28.19,-48.81,80.95,17,4,42,5.31,0.8692,1083.5,2020-01-02,2026-04-28,1530
47,BIAS-mom(10) cross>-7% sell>=10%,,,,,,,,10,,10,,,,,-7,,,,,,348.61,28.05,-52.57,80.0,4,1,10,10.76,0.864,1083.5,2020-01-02,2026-04-28,1530
48,MT-BIAS buy=BIAS(5)<=-3% sell=BIAS(20)>=10%,,,,,,,,,,,5,-3,20,10,,,,,,,346.86,27.96,-49.41,76.92,10,3,26,4.23,0.8488,1083.5,2020-01-02,2026-04-28,1530
49,AsymRSI buy=RSI(5)<25 sell=RSI(28)>70,,25,70,5,28,,,,,,,,,,,,,,,,339.77,27.63,-48.81,78.26,18,5,46,4.56,0.8515,1083.5,2020-01-02,2026-04-28,1530
50,AsymRSI buy=RSI(5)<35 sell=RSI(14)>75,,35,75,5,14,,,,,,,,,,,,,,,,328.51,27.08,-48.93,81.25,26,6,64,2.93,0.8354,1083.5,2020-01-02,2026-04-28,1530
51,AsymRSI buy=RSI(7)<25 sell=RSI(21)>75,,25,75,7,21,,,,,,,,,,,,,,,,316.65,26.5,-48.95,80.0,12,3,30,4.36,0.8363,1083.5,2020-01-02,2026-04-28,1530
52,AsymRSI buy=RSI(7)<25 sell=RSI(28)>70,,25,70,7,28,,,,,,,,,,,,,,,,305.84,25.95,-48.81,77.78,14,4,36,4.6,0.8299,1083.5,2020-01-02,2026-04-28,1530
53,AsymRSI buy=RSI(7)<25 sell=RSI(14)>80,,25,80,7,14,,,,,,,,,,,,,,,,304.65,25.89,-49.42,75.0,15,5,40,3.79,0.837,1083.5,2020-01-02,2026-04-28,1530
54,AsymRSI buy=RSI(5)<35 sell=RSI(21)>70,,35,70,5,21,,,,,,,,,,,,,,,,302.68,25.79,-50.43,81.82,27,6,66,2.81,0.8133,1083.5,2020-01-02,2026-04-28,1530
55,BIAS-mom(5) cross>-2% sell>=5%,,,,,,,,5,,5,,,,,-2,,,,,,298.78,25.59,-51.4,76.47,13,4,34,3.19,0.8014,1083.5,2020-01-02,2026-04-28,1530
56,AsymRSI buy=RSI(10)<35 sell=RSI(14)>80,,35,80,10,14,,,,,,,,,,,,,,,,273.8,24.26,-48.8,75.0,15,5,40,3.64,0.8063,1083.5,2020-01-02,2026-04-28,1530
57,MT-BIAS buy=BIAS(7)<=-3% sell=BIAS(30)>=10%,,,,,,,,,,,7,-3,30,10,,,,,,,269.97,24.05,-48.81,73.68,14,5,38,3.95,0.7788,1083.5,2020-01-02,2026-04-28,1530
58,BIAS-mom(5) cross>-3% sell>=5%,,,,,,,,5,,5,,,,,-3,,,,,,264.03,23.72,-49.11,76.47,13,4,34,3.02,0.7725,1083.5,2020-01-02,2026-04-28,1530
59,AsymRSI buy=RSI(5)<30 sell=RSI(21)>70,,30,70,5,21,,,,,,,,,,,,,,,,259.72,23.47,-50.45,82.76,24,5,58,2.66,0.765,1083.5,2020-01-02,2026-04-28,1530
60,AsymRSI buy=RSI(10)<35 sell=RSI(21)>75,,35,75,10,21,,,,,,,,,,,,,,,,256.57,23.29,-48.96,80.0,12,3,30,3.94,0.7693,1083.5,2020-01-02,2026-04-28,1530
61,AsymRSI buy=RSI(7)<30 sell=RSI(21)>75,,30,75,7,21,,,,,,,,,,,,,,,,255.83,23.25,-48.95,80.0,12,3,30,3.63,0.7515,1083.5,2020-01-02,2026-04-28,1530
62,AsymRSI buy=RSI(7)<35 sell=RSI(21)>75,,35,75,7,21,,,,,,,,,,,,,,,,251.77,23.02,-48.95,81.25,13,3,32,3.64,0.7455,1083.5,2020-01-02,2026-04-28,1530
63,AsymRSI buy=RSI(5)<30 sell=RSI(14)>75,,30,75,5,14,,,,,,,,,,,,,,,,245.04,22.63,-51.33,79.31,23,6,58,2.52,0.7452,1083.5,2020-01-02,2026-04-28,1530
64,AsymRSI buy=RSI(7)<35 sell=RSI(28)>65,,35,65,7,28,,,,,,,,,,,,,,,,240.2,22.34,-48.81,85.71,24,4,56,3.8,0.751,1083.5,2020-01-02,2026-04-28,1530
65,MT-BIAS buy=BIAS(5)<=-3% sell=BIAS(30)>=10%,,,,,,,,,,,5,-3,30,10,,,,,,,240.02,22.33,-48.13,75.0,15,5,40,3.79,0.7398,1083.5,2020-01-02,2026-04-28,1530
66,AsymRSI buy=RSI(7)<30 sell=RSI(14)>80,,30,80,7,14,,,,,,,,,,,,,,,,235.06,22.04,-49.4,75.0,15,5,40,3.12,0.7344,1083.5,2020-01-02,2026-04-28,1530
67,AsymRSI buy=RSI(10)<35 sell=RSI(28)>70,,35,70,10,28,,,,,,,,,,,,,,,,232.33,21.87,-48.8,76.47,13,4,34,4.21,0.7403,1083.5,2020-01-02,2026-04-28,1530
68,BIAS-mom(5) cross>-7% sell>=10%,,,,,,,,5,,10,,,,,-7,,,,,,227.44,21.58,-54.34,50.0,1,1,4,9.06,0.705,1083.5,2020-01-02,2026-04-28,1530
69,AsymRSI buy=RSI(5)<30 sell=RSI(28)>65,,30,65,5,28,,,,,,,,,,,,,,,,216.44,20.89,-49.48,80.65,25,6,62,2.99,0.7118,1083.5,2020-01-02,2026-04-28,1530
70,AsymRSI buy=RSI(7)<35 sell=RSI(14)>80,,35,80,7,14,,,,,,,,,,,,,,,,213.5,20.71,-49.42,75.0,15,5,40,2.99,0.7016,1083.5,2020-01-02,2026-04-28,1530
71,AsymRSI buy=RSI(10)<25 sell=RSI(28)>75,,25,75,10,28,,,,,,,,,,,,,,,,207.94,20.35,-48.85,72.73,8,3,22,4.35,0.7337,1083.5,2020-01-02,2026-04-28,1530
72,AsymRSI buy=RSI(10)<30 sell=RSI(14)>80,,30,80,10,14,,,,,,,,,,,,,,,,206.07,20.23,-48.2,72.22,13,5,36,3.33,0.731,1083.5,2020-01-02,2026-04-28,1530
73,AsymRSI buy=RSI(10)<25 sell=RSI(21)>80,,25,80,10,21,,,,,,,,,,,,,,,,198.63,19.74,-48.85,88.89,8,1,18,5.48,0.7132,1083.5,2020-01-02,2026-04-28,1530
74,AsymRSI buy=RSI(5)<25 sell=RSI(28)>65,,25,65,5,28,,,,,,,,,,,,,,,,196.49,19.6,-48.81,78.57,22,6,56,3.1,0.6864,1083.5,2020-01-02,2026-04-28,1530
75,AsymRSI buy=RSI(5)<35 sell=RSI(14)>70,,35,70,5,14,,,,,,,,,,,,,,,,194.82,19.49,-47.19,79.55,35,9,88,2.28,0.6798,1083.5,2020-01-02,2026-04-28,1530
76,AsymRSI buy=RSI(5)<35 sell=RSI(28)>65,,35,65,5,28,,,,,,,,,,,,,,,,194.68,19.48,-49.48,77.78,28,8,72,2.74,0.6784,1083.5,2020-01-02,2026-04-28,1530
77,"BBw>=10% gate RSI(14,35,70)+BIAS(10,-3,7) bb_std=2.5",14,35,70,,,,,10,-3,7,,,,,,20,2.5,10,,,190.58,19.21,-49.06,70.0,7,3,20,3.6,0.6972,1083.5,2020-01-02,2026-04-28,1530
78,AsymRSI buy=RSI(7)<30 sell=RSI(21)>70,,30,70,7,21,,,,,,,,,,,,,,,,190.51,19.2,-49.42,76.19,16,5,42,2.77,0.6744,1083.5,2020-01-02,2026-04-28,1530
79,AsymRSI buy=RSI(7)<35 sell=RSI(21)>70,,35,70,7,21,,,,,,,,,,,,,,,,189.15,19.11,-49.44,77.27,17,5,44,2.79,0.6713,1083.5,2020-01-02,2026-04-28,1530
80,AsymRSI buy=RSI(7)<30 sell=RSI(28)>65,,30,65,7,28,,,,,,,,,,,,,,,,186.32,18.92,-48.81,84.0,21,4,50,3.32,0.6722,1083.5,2020-01-02,2026-04-28,1530
81,AsymRSI buy=RSI(5)<25 sell=RSI(14)>75,,25,75,5,14,,,,,,,,,,,,,,,,185.98,18.89,-50.43,78.57,22,6,56,2.28,0.6637,1083.5,2020-01-02,2026-04-28,1530
82,"BBw>=7% gate RSI(14,35,70)+BIAS(10,-3,7) bb_std=2.0",14,35,70,,,,,10,-3,7,,,,,,20,2.0,7,,,185.24,18.84,-49.01,70.0,7,3,20,3.48,0.688,1083.5,2020-01-02,2026-04-28,1530
83,AsymRSI buy=RSI(7)<25 sell=RSI(28)>65,,25,65,7,28,,,,,,,,,,,,,,,,184.57,18.8,-48.81,81.82,18,4,44,3.24,0.676,1083.5,2020-01-02,2026-04-28,1530
84,"BBw>=3% gate RSI(14,35,70)+BIAS(10,-3,7) bb_std=2.0",14,35,70,,,,,10,-3,7,,,,,,20,2.0,3,,,184.35,18.78,-49.01,70.0,7,3,20,3.47,0.6864,1083.5,2020-01-02,2026-04-28,1530
85,"BBw>=5% gate RSI(14,35,70)+BIAS(10,-3,7) bb_std=2.0",14,35,70,,,,,10,-3,7,,,,,,20,2.0,5,,,184.35,18.78,-49.01,70.0,7,3,20,3.47,0.6864,1083.5,2020-01-02,2026-04-28,1530
86,"BBw>=3% gate RSI(14,35,70)+BIAS(10,-3,7) bb_std=2.5",14,35,70,,,,,10,-3,7,,,,,,20,2.5,3,,,184.35,18.78,-49.01,70.0,7,3,20,3.47,0.6864,1083.5,2020-01-02,2026-04-28,1530
87,"BBw>=5% gate RSI(14,35,70)+BIAS(10,-3,7) bb_std=2.5",14,35,70,,,,,10,-3,7,,,,,,20,2.5,5,,,184.35,18.78,-49.01,70.0,7,3,20,3.47,0.6864,1083.5,2020-01-02,2026-04-28,1530
88,"BBw>=7% gate RSI(14,35,70)+BIAS(10,-3,7) bb_std=2.5",14,35,70,,,,,10,-3,7,,,,,,20,2.5,7,,,184.35,18.78,-49.01,70.0,7,3,20,3.47,0.6864,1083.5,2020-01-02,2026-04-28,1530
89,BIAS-mom(20) cross>-2% sell>=10%,,,,,,,,20,,10,,,,,-2,,,,,,177.19,18.28,-49.38,70.0,7,3,20,3.48,0.6619,1083.5,2020-01-02,2026-04-28,1530
90,MT-BIAS buy=BIAS(3)<=-7% sell=BIAS(30)>=10%,,,,,,,,,,,3,-7,30,10,,,,,,,174.26,18.08,-40.25,100.0,6,0,12,999,0.7506,1083.5,2020-01-02,2026-04-28,1530
91,"BBw>=7% gate RSI(14,30,70)+BIAS(10,-3,7) bb_std=2.0",14,30,70,,,,,10,-3,7,,,,,,20,2.0,7,,,171.38,17.87,-49.22,66.67,6,3,18,3.47,0.6757,1083.5,2020-01-02,2026-04-28,1530
92,MT-BIAS buy=BIAS(3)<=-7% sell=BIAS(30)>=7%,,,,,,,,,,,3,-7,30,7,,,,,,,171.24,17.86,-22.98,100.0,6,0,12,999,0.8478,1083.5,2020-01-02,2026-04-28,1530
93,"BBw>=3% gate RSI(14,30,70)+BIAS(10,-3,7) bb_std=2.0",14,30,70,,,,,10,-3,7,,,,,,20,2.0,3,,,170.54,17.81,-49.22,66.67,6,3,18,3.46,0.6741,1083.5,2020-01-02,2026-04-28,1530
94,"BBw>=5% gate RSI(14,30,70)+BIAS(10,-3,7) bb_std=2.0",14,30,70,,,,,10,-3,7,,,,,,20,2.0,5,,,170.54,17.81,-49.22,66.67,6,3,18,3.46,0.6741,1083.5,2020-01-02,2026-04-28,1530
95,"BBw>=3% gate RSI(14,30,70)+BIAS(10,-3,7) bb_std=2.5",14,30,70,,,,,10,-3,7,,,,,,20,2.5,3,,,170.54,17.81,-49.22,66.67,6,3,18,3.46,0.6741,1083.5,2020-01-02,2026-04-28,1530
96,"BBw>=5% gate RSI(14,30,70)+BIAS(10,-3,7) bb_std=2.5",14,30,70,,,,,10,-3,7,,,,,,20,2.5,5,,,170.54,17.81,-49.22,66.67,6,3,18,3.46,0.6741,1083.5,2020-01-02,2026-04-28,1530
97,"BBw>=7% gate RSI(14,30,70)+BIAS(10,-3,7) bb_std=2.5",14,30,70,,,,,10,-3,7,,,,,,20,2.5,7,,,170.54,17.81,-49.22,66.67,6,3,18,3.46,0.6741,1083.5,2020-01-02,2026-04-28,1530
98,"TrailStop(15%) BIAS(10,-5,7)",,,,,,,,10,-5,7,,,,,,,,,15,,170.04,17.78,-42.38,58.33,14,10,48,2.06,0.6688,1083.5,2020-01-02,2026-04-28,1530
99,"BBw>=3% gate RSI(14,35,70)+BIAS(10,-5,7) bb_std=2.0",14,35,70,,,,,10,-5,7,,,,,,20,2.0,3,,,166.65,17.53,-49.19,70.0,7,3,20,3.56,0.6696,1083.5,2020-01-02,2026-04-28,1530
100,"BBw>=5% gate RSI(14,35,70)+BIAS(10,-5,7) bb_std=2.0",14,35,70,,,,,10,-5,7,,,,,,20,2.0,5,,,166.65,17.53,-49.19,70.0,7,3,20,3.56,0.6696,1083.5,2020-01-02,2026-04-28,1530
101,"BBw>=7% gate RSI(14,35,70)+BIAS(10,-5,7) bb_std=2.0",14,35,70,,,,,10,-5,7,,,,,,20,2.0,7,,,166.65,17.53,-49.19,70.0,7,3,20,3.56,0.6696,1083.5,2020-01-02,2026-04-28,1530
102,"BBw>=3% gate RSI(14,35,70)+BIAS(10,-5,7) bb_std=2.5",14,35,70,,,,,10,-5,7,,,,,,20,2.5,3,,,166.65,17.53,-49.19,70.0,7,3,20,3.56,0.6696,1083.5,2020-01-02,2026-04-28,1530
103,"BBw>=5% gate RSI(14,35,70)+BIAS(10,-5,7) bb_std=2.5",14,35,70,,,,,10,-5,7,,,,,,20,2.5,5,,,166.65,17.53,-49.19,70.0,7,3,20,3.56,0.6696,1083.5,2020-01-02,2026-04-28,1530
104,"BBw>=7% gate RSI(14,35,70)+BIAS(10,-5,7) bb_std=2.5",14,35,70,,,,,10,-5,7,,,,,,20,2.5,7,,,166.65,17.53,-49.19,70.0,7,3,20,3.56,0.6696,1083.5,2020-01-02,2026-04-28,1530
105,"BBw>=10% gate RSI(14,35,70)+BIAS(10,-5,7) bb_std=2.5",14,35,70,,,,,10,-5,7,,,,,,20,2.5,10,,,166.65,17.53,-49.19,70.0,7,3,20,3.56,0.6696,1083.5,2020-01-02,2026-04-28,1530
106,MT-BIAS buy=BIAS(3)<=-10% sell=BIAS(30)>=10%,,,,,,,,,,,3,-10,30,10,,,,,,,162.17,17.2,-20.57,100.0,3,0,6,999,0.9802,1083.5,2020-01-02,2026-04-28,1530
107,AsymRSI buy=RSI(7)<25 sell=RSI(21)>70,,25,70,7,21,,,,,,,,,,,,,,,,158.44,16.93,-49.44,75.0,15,5,40,2.51,0.6265,1083.5,2020-01-02,2026-04-28,1530
108,"BBw>=10% gate RSI(14,35,65)+BIAS(10,-3,7) bb_std=2.5",14,35,65,,,,,10,-3,7,,,,,,20,2.5,10,,,157.16,16.83,-49.06,70.0,7,3,20,2.84,0.6388,1083.5,2020-01-02,2026-04-28,1530
109,AsymRSI buy=RSI(10)<30 sell=RSI(28)>70,,30,70,10,28,,,,,,,,,,,,,,,,154.77,16.65,-48.2,73.33,11,4,30,3.63,0.6314,1083.5,2020-01-02,2026-04-28,1530
110,AsymRSI buy=RSI(5)<25 sell=RSI(21)>70,,25,70,5,21,,,,,,,,,,,,,,,,153.59,16.56,-50.45,80.77,21,5,52,2.28,0.6089,1083.5,2020-01-02,2026-04-28,1530
111,AsymRSI buy=RSI(10)<35 sell=RSI(28)>65,,35,65,10,28,,,,,,,,,,,,,,,,152.92,16.51,-48.8,80.95,17,4,42,3.01,0.6194,1083.5,2020-01-02,2026-04-28,1530
112,"BBw>=7% gate RSI(14,35,65)+BIAS(10,-3,7) bb_std=2.0",14,35,65,,,,,10,-3,7,,,,,,20,2.0,7,,,152.46,16.48,-49.01,70.0,7,3,20,2.76,0.6295,1083.5,2020-01-02,2026-04-28,1530
113,"BBw>=3% gate RSI(14,35,65)+BIAS(10,-3,7) bb_std=2.0",14,35,65,,,,,10,-3,7,,,,,,20,2.0,3,,,151.68,16.42,-49.01,70.0,7,3,20,2.75,0.628,1083.5,2020-01-02,2026-04-28,1530
114,"BBw>=5% gate RSI(14,35,65)+BIAS(10,-3,7) bb_std=2.0",14,35,65,,,,,10,-3,7,,,,,,20,2.0,5,,,151.68,16.42,-49.01,70.0,7,3,20,2.75,0.628,1083.5,2020-01-02,2026-04-28,1530
115,"BBw>=3% gate RSI(14,35,65)+BIAS(10,-3,7) bb_std=2.5",14,35,65,,,,,10,-3,7,,,,,,20,2.5,3,,,151.68,16.42,-49.01,70.0,7,3,20,2.75,0.628,1083.5,2020-01-02,2026-04-28,1530
116,"BBw>=5% gate RSI(14,35,65)+BIAS(10,-3,7) bb_std=2.5",14,35,65,,,,,10,-3,7,,,,,,20,2.5,5,,,151.68,16.42,-49.01,70.0,7,3,20,2.75,0.628,1083.5,2020-01-02,2026-04-28,1530
117,"BBw>=7% gate RSI(14,35,65)+BIAS(10,-3,7) bb_std=2.5",14,35,65,,,,,10,-3,7,,,,,,20,2.5,7,,,151.68,16.42,-49.01,70.0,7,3,20,2.75,0.628,1083.5,2020-01-02,2026-04-28,1530
118,AsymRSI buy=RSI(10)<30 sell=RSI(21)>75,,30,75,10,21,,,,,,,,,,,,,,,,150.95,16.36,-48.96,76.92,10,3,26,2.94,0.6201,1083.5,2020-01-02,2026-04-28,1530
119,MT-BIAS buy=BIAS(7)<=-7% sell=BIAS(30)>=10%,,,,,,,,,,,7,-7,30,10,,,,,,,143.29,15.77,-40.25,100.0,9,0,18,999,0.6318,1083.5,2020-01-02,2026-04-28,1530
120,"BBw>=7% gate RSI(14,30,65)+BIAS(10,-3,7) bb_std=2.0",14,30,65,,,,,10,-3,7,,,,,,20,2.0,7,,,140.09,15.52,-49.22,66.67,6,3,18,2.67,0.615,1083.5,2020-01-02,2026-04-28,1530
121,"BBw>=3% gate RSI(14,30,65)+BIAS(10,-3,7) bb_std=2.0",14,30,65,,,,,10,-3,7,,,,,,20,2.0,3,,,139.34,15.46,-49.22,66.67,6,3,18,2.67,0.6133,1083.5,2020-01-02,2026-04-28,1530
122,"BBw>=5% gate RSI(14,30,65)+BIAS(10,-3,7) bb_std=2.0",14,30,65,,,,,10,-3,7,,,,,,20,2.0,5,,,139.34,15.46,-49.22,66.67,6,3,18,2.67,0.6133,1083.5,2020-01-02,2026-04-28,1530
123,"BBw>=3% gate RSI(14,30,65)+BIAS(10,-3,7) bb_std=2.5",14,30,65,,,,,10,-3,7,,,,,,20,2.5,3,,,139.34,15.46,-49.22,66.67,6,3,18,2.67,0.6133,1083.5,2020-01-02,2026-04-28,1530
124,"BBw>=5% gate RSI(14,30,65)+BIAS(10,-3,7) bb_std=2.5",14,30,65,,,,,10,-3,7,,,,,,20,2.5,5,,,139.34,15.46,-49.22,66.67,6,3,18,2.67,0.6133,1083.5,2020-01-02,2026-04-28,1530
125,"BBw>=7% gate RSI(14,30,65)+BIAS(10,-3,7) bb_std=2.5",14,30,65,,,,,10,-3,7,,,,,,20,2.5,7,,,139.34,15.46,-49.22,66.67,6,3,18,2.67,0.6133,1083.5,2020-01-02,2026-04-28,1530
126,MT-BIAS buy=BIAS(3)<=-7% sell=BIAS(15)>=10%,,,,,,,,,,,3,-7,15,10,,,,,,,137.63,15.32,-22.98,100.0,6,0,12,999,0.757,1083.5,2020-01-02,2026-04-28,1530
127,"BBw>=3% gate RSI(14,35,65)+BIAS(10,-5,7) bb_std=2.0",14,35,65,,,,,10,-5,7,,,,,,20,2.0,3,,,135.92,15.18,-49.19,70.0,7,3,20,2.76,0.6083,1083.5,2020-01-02,2026-04-28,1530
128,"BBw>=5% gate RSI(14,35,65)+BIAS(10,-5,7) bb_std=2.0",14,35,65,,,,,10,-5,7,,,,,,20,2.0,5,,,135.92,15.18,-49.19,70.0,7,3,20,2.76,0.6083,1083.5,2020-01-02,2026-04-28,1530
129,"BBw>=7% gate RSI(14,35,65)+BIAS(10,-5,7) bb_std=2.0",14,35,65,,,,,10,-5,7,,,,,,20,2.0,7,,,135.92,15.18,-49.19,70.0,7,3,20,2.76,0.6083,1083.5,2020-01-02,2026-04-28,1530
130,"BBw>=3% gate RSI(14,35,65)+BIAS(10,-5,7) bb_std=2.5",14,35,65,,,,,10,-5,7,,,,,,20,2.5,3,,,135.92,15.18,-49.19,70.0,7,3,20,2.76,0.6083,1083.5,2020-01-02,2026-04-28,1530
131,"BBw>=5% gate RSI(14,35,65)+BIAS(10,-5,7) bb_std=2.5",14,35,65,,,,,10,-5,7,,,,,,20,2.5,5,,,135.92,15.18,-49.19,70.0,7,3,20,2.76,0.6083,1083.5,2020-01-02,2026-04-28,1530
132,"BBw>=7% gate RSI(14,35,65)+BIAS(10,-5,7) bb_std=2.5",14,35,65,,,,,10,-5,7,,,,,,20,2.5,7,,,135.92,15.18,-49.19,70.0,7,3,20,2.76,0.6083,1083.5,2020-01-02,2026-04-28,1530
133,"BBw>=10% gate RSI(14,35,65)+BIAS(10,-5,7) bb_std=2.5",14,35,65,,,,,10,-5,7,,,,,,20,2.5,10,,,135.92,15.18,-49.19,70.0,7,3,20,2.76,0.6083,1083.5,2020-01-02,2026-04-28,1530
134,AsymRSI buy=RSI(10)<35 sell=RSI(21)>70,,35,70,10,21,,,,,,,,,,,,,,,,133.26,14.97,-48.8,75.0,15,5,40,2.35,0.5813,1083.5,2020-01-02,2026-04-28,1530
135,MT-BIAS buy=BIAS(3)<=-7% sell=BIAS(30)>=5%,,,,,,,,,,,3,-7,30,5,,,,,,,132.39,14.9,-22.98,100.0,6,0,12,999,0.7769,1083.5,2020-01-02,2026-04-28,1530
136,MT-BIAS buy=BIAS(3)<=-7% sell=BIAS(30)>=3%,,,,,,,,,,,3,-7,30,3,,,,,,,130.4,14.74,-22.98,100.0,7,0,14,999,0.7882,1083.5,2020-01-02,2026-04-28,1530
137,BIAS-mom(20) cross>-5% sell>=10%,,,,,,,,20,,10,,,,,-5,,,,,,130.04,14.71,-49.47,66.67,6,3,18,3.07,0.5785,1083.5,2020-01-02,2026-04-28,1530
138,"BBw>=10% gate RSI(14,30,70)+BIAS(10,-3,7) bb_std=2.5",14,30,70,,,,,10,-3,7,,,,,,20,2.5,10,,,129.01,14.62,-49.22,66.67,6,3,18,3.04,0.5909,1083.5,2020-01-02,2026-04-28,1530
139,AsymRSI buy=RSI(7)<35 sell=RSI(21)>65,,35,65,7,21,,,,,,,,,,,,,,,,128.64,14.59,-49.42,83.33,25,5,60,2.22,0.5688,1083.5,2020-01-02,2026-04-28,1530
140,MT-BIAS buy=BIAS(3)<=-10% sell=BIAS(30)>=7%,,,,,,,,,,,3,-10,30,7,,,,,,,127.53,14.5,-20.57,100.0,3,0,6,999,0.8667,1083.5,2020-01-02,2026-04-28,1530
141,"BBw>=10% gate RSI(14,35,70)+BIAS(10,-5,7) bb_std=2.0",14,35,70,,,,,10,-5,7,,,,,,20,2.0,10,,,126.02,14.37,-49.19,66.67,6,3,18,3.21,0.5848,1083.5,2020-01-02,2026-04-28,1530
142,"BBw>=10% gate RSI(14,35,70)+BIAS(10,-3,7) bb_std=2.0",14,35,70,,,,,10,-3,7,,,,,,20,2.0,10,,,125.89,14.36,-49.19,66.67,6,3,18,3.2,0.5778,1083.5,2020-01-02,2026-04-28,1530
143,AsymRSI buy=RSI(7)<25 sell=RSI(21)>65,,25,65,7,21,,,,,,,,,,,,,,,,124.19,14.22,-49.42,79.17,19,5,48,2.17,0.5654,1083.5,2020-01-02,2026-04-28,1530
144,MT-BIAS buy=BIAS(5)<=-10% sell=BIAS(30)>=10%,,,,,,,,,,,5,-10,30,10,,,,,,,123.5,14.16,-40.25,100.0,5,0,10,999,0.6311,1083.5,2020-01-02,2026-04-28,1530
145,"TrailStop(10%) RSI(14,30,65)",14,30,65,,,,,,,,,,,,,,,,10,,122.48,14.08,-44.37,64.52,20,11,62,1.9,0.6663,1083.5,2020-01-02,2026-04-28,1530
146,AsymRSI buy=RSI(5)<30 sell=RSI(14)>70,,30,70,5,14,,,,,,,,,,,,,,,,121.86,14.02,-49.47,80.56,29,7,72,1.91,0.5501,1083.5,2020-01-02,2026-04-28,1530
147,MT-BIAS buy=BIAS(3)<=-10% sell=BIAS(30)>=5%,,,,,,,,,,,3,-10,30,5,,,,,,,121.7,14.01,-20.57,100.0,3,0,6,999,0.844,1083.5,2020-01-02,2026-04-28,1530
148,MT-BIAS buy=BIAS(5)<=-10% sell=BIAS(30)>=7%,,,,,,,,,,,5,-10,30,7,,,,,,,121.08,13.96,-28.37,100.0,5,0,10,999,0.7077,1083.5,2020-01-02,2026-04-28,1530
149,"TrailStop(10%) RSI(14,30,70)",14,30,70,,,,,,,,,,,,,,,,10,,119.74,13.84,-44.37,60.0,18,12,60,1.88,0.6392,1083.5,2020-01-02,2026-04-28,1530
150,MT-BIAS buy=BIAS(3)<=-7% sell=BIAS(20)>=7%,,,,,,,,,,,3,-7,20,7,,,,,,,118.41,13.73,-22.98,100.0,6,0,12,999,0.7008,1083.5,2020-01-02,2026-04-28,1530
151,AsymRSI buy=RSI(5)<35 sell=RSI(21)>65,,35,65,5,21,,,,,,,,,,,,,,,,116.0,13.52,-48.87,83.33,35,7,84,1.96,0.537,1083.5,2020-01-02,2026-04-28,1530
152,"TrailStop(15%) RSI(14,30,70)",14,30,70,,,,,,,,,,,,,,,,15,,115.88,13.51,-39.83,69.23,18,8,52,1.74,0.5975,1083.5,2020-01-02,2026-04-28,1530
153,AsymRSI buy=RSI(5)<30 sell=RSI(21)>65,,30,65,5,21,,,,,,,,,,,,,,,,113.99,13.35,-50.44,82.86,29,6,70,1.98,0.5334,1083.5,2020-01-02,2026-04-28,1530
154,MT-BIAS buy=BIAS(3)<=-7% sell=BIAS(20)>=5%,,,,,,,,,,,3,-7,20,5,,,,,,,112.79,13.24,-22.98,100.0,7,0,14,999,0.6941,1083.5,2020-01-02,2026-04-28,1530
155,"TrailStop(15%) RSI(14,30,65)",14,30,65,,,,,,,,,,,,,,,,15,,112.55,13.22,-39.83,74.07,20,7,54,1.77,0.6065,1083.5,2020-01-02,2026-04-28,1530
156,"ConsecDays(2) RSI(14,30,70)",14,30,70,,,,,,,,,,,,,,,,,2,111.41,13.12,-41.1,73.33,11,4,30,2.76,0.6112,1083.5,2020-01-02,2026-04-28,1530
157,MT-BIAS buy=BIAS(3)<=-10% sell=BIAS(20)>=7%,,,,,,,,,,,3,-10,20,7,,,,,,,109.43,12.95,-20.57,100.0,3,0,6,999,0.7982,1083.5,2020-01-02,2026-04-28,1530
158,"TrailStop(10%) BIAS(10,-7,7)",,,,,,,,10,-7,7,,,,,,,,,10,,109.04,12.91,-41.02,52.0,13,12,50,1.89,0.6016,1083.5,2020-01-02,2026-04-28,1530
159,MT-BIAS buy=BIAS(3)<=-7% sell=BIAS(15)>=7%,,,,,,,,,,,3,-7,15,7,,,,,,,108.56,12.87,-22.98,100.0,7,0,14,999,0.6797,1083.5,2020-01-02,2026-04-28,1530
160,MT-BIAS buy=BIAS(3)<=-10% sell=BIAS(30)>=3%,,,,,,,,,,,3,-10,30,3,,,,,,,108.09,12.83,-21.88,100.0,3,0,6,999,0.7855,1083.5,2020-01-02,2026-04-28,1530
161,MT-BIAS buy=BIAS(3)<=-10% sell=BIAS(15)>=10%,,,,,,,,,,,3,-10,15,10,,,,,,,104.56,12.51,-20.57,100.0,3,0,6,999,0.7765,1083.5,2020-01-02,2026-04-28,1530
162,BIAS-mom(20) cross>-3% sell>=10%,,,,,,,,20,,10,,,,,-3,,,,,,104.31,12.49,-49.47,66.67,6,3,18,2.63,0.5165,1083.5,2020-01-02,2026-04-28,1530
163,AsymRSI buy=RSI(10)<35 sell=RSI(21)>65,,35,65,10,21,,,,,,,,,,,,,,,,103.44,12.41,-48.8,80.0,20,5,50,2.04,0.5196,1083.5,2020-01-02,2026-04-28,1530
164,BIAS-mom(10) cross>-2% sell>=7%,,,,,,,,10,,7,,,,,-2,,,,,,103.41,12.41,-48.96,76.47,13,4,34,2.07,0.5107,1083.5,2020-01-02,2026-04-28,1530
165,MT-BIAS buy=BIAS(3)<=-7% sell=BIAS(20)>=3%,,,,,,,,,,,3,-7,20,3,,,,,,,103.1,12.38,-22.98,100.0,7,0,14,999,0.6589,1083.5,2020-01-02,2026-04-28,1530
166,"BBw>=10% gate RSI(14,30,65)+BIAS(10,-3,7) bb_std=2.5",14,30,65,,,,,10,-3,7,,,,,,20,2.5,10,,,102.6,12.33,-49.22,66.67,6,3,18,2.35,0.529,1083.5,2020-01-02,2026-04-28,1530
167,MT-BIAS buy=BIAS(5)<=-10% sell=BIAS(30)>=5%,,,,,,,,,,,5,-10,30,5,,,,,,,102.11,12.29,-28.37,100.0,5,0,10,999,0.6712,1083.5,2020-01-02,2026-04-28,1530
168,AsymRSI buy=RSI(7)<35 sell=RSI(14)>70,,35,70,7,14,,,,,,,,,,,,,,,,101.54,12.24,-50.1,81.25,26,6,64,2.04,0.5091,1083.5,2020-01-02,2026-04-28,1530
169,AsymRSI buy=RSI(5)<25 sell=RSI(21)>65,,25,65,5,21,,,,,,,,,,,,,,,,101.5,12.23,-50.43,81.25,26,6,64,1.95,0.5066,1083.5,2020-01-02,2026-04-28,1530
170,"BBw>=10% gate RSI(14,35,65)+BIAS(10,-5,7) bb_std=2.0",14,35,65,,,,,10,-5,7,,,,,,20,2.0,10,,,99.97,12.09,-49.19,66.67,6,3,18,2.49,0.5227,1083.5,2020-01-02,2026-04-28,1530
171,"BBw>=10% gate RSI(14,35,65)+BIAS(10,-3,7) bb_std=2.0",14,35,65,,,,,10,-3,7,,,,,,20,2.0,10,,,99.86,12.08,-49.19,66.67,6,3,18,2.49,0.5171,1083.5,2020-01-02,2026-04-28,1530
172,AsymRSI buy=RSI(10)<30 sell=RSI(21)>70,,30,70,10,21,,,,,,,,,,,,,,,,98.64,11.97,-48.2,72.22,13,5,36,2.15,0.5133,1083.5,2020-01-02,2026-04-28,1530
173,MT-BIAS buy=BIAS(5)<=-5% sell=BIAS(30)>=3%,,,,,,,,,,,5,-5,30,3,,,,,,,97.3,11.84,-39.07,73.68,14,5,38,3.33,0.5403,1083.5,2020-01-02,2026-04-28,1530
174,"BBw>=10% gate RSI(14,30,70)+BIAS(10,-3,7) bb_std=2.0",14,30,70,,,,,10,-3,7,,,,,,20,2.0,10,,,96.71,11.79,-49.22,62.5,5,3,16,2.75,0.5139,1083.5,2020-01-02,2026-04-28,1530
175,AsymRSI buy=RSI(7)<30 sell=RSI(21)>65,,30,65,7,21,,,,,,,,,,,,,,,,96.67,11.78,-49.4,76.92,20,6,52,1.94,0.4979,1083.5,2020-01-02,2026-04-28,1530
176,MT-BIAS buy=BIAS(3)<=-7% sell=BIAS(15)>=5%,,,,,,,,,,,3,-7,15,5,,,,,,,94.59,11.59,-22.98,100.0,7,0,14,999,0.6268,1083.5,2020-01-02,2026-04-28,1530
177,MT-BIAS buy=BIAS(5)<=-10% sell=BIAS(15)>=10%,,,,,,,,,,,5,-10,15,10,,,,,,,93.74,11.51,-28.37,80.0,4,1,10,69.86,0.6132,1083.5,2020-01-02,2026-04-28,1530
178,MT-BIAS buy=BIAS(3)<=-3% sell=BIAS(15)>=10%,,,,,,,,,,,3,-3,15,10,,,,,,,93.55,11.49,-54.88,63.64,7,4,22,2.17,0.4868,1083.5,2020-01-02,2026-04-28,1530
179,"ConsecDays(2) RSI(14,30,65)",14,30,65,,,,,,,,,,,,,,,,,2,92.48,11.39,-41.09,75.0,12,4,32,2.47,0.5692,1083.5,2020-01-02,2026-04-28,1530
180,AsymRSI buy=RSI(5)<35 sell=RSI(14)>65,,35,65,5,14,,,,,,,,,,,,,,,,91.52,11.3,-46.93,76.47,39,12,102,1.85,0.4837,1083.5,2020-01-02,2026-04-28,1530
181,"TrailStop(8%) RSI(14,30,65)",14,30,65,,,,,,,,,,,,,,,,8,,90.98,11.24,-43.64,62.5,20,12,64,1.75,0.5743,1083.5,2020-01-02,2026-04-28,1530
182,MT-BIAS buy=BIAS(5)<=-10% sell=BIAS(20)>=7%,,,,,,,,,,,5,-10,20,7,,,,,,,89.98,11.15,-28.37,100.0,5,0,10,999,0.5993,1083.5,2020-01-02,2026-04-28,1530
183,MT-BIAS buy=BIAS(3)<=-10% sell=BIAS(20)>=5%,,,,,,,,,,,3,-10,20,5,,,,,,,89.67,11.12,-20.94,100.0,3,0,6,999,0.7366,1083.5,2020-01-02,2026-04-28,1530
184,MT-BIAS buy=BIAS(3)<=-10% sell=BIAS(20)>=3%,,,,,,,,,,,3,-10,20,3,,,,,,,88.4,11.0,-20.95,100.0,3,0,6,999,0.7314,1083.5,2020-01-02,2026-04-28,1530
185,"TrailStop(10%) RSI(14,30,75)",14,30,75,,,,,,,,,,,,,,,,10,,88.34,10.99,-44.37,53.33,16,14,60,1.72,0.5348,1083.5,2020-01-02,2026-04-28,1530
186,RSI-recovery(14) os<30 delta>=15 sell>70,14,,70,,,30,15,,,,,,,,,,,,,,86.69,10.83,-42.16,86.67,13,2,30,2.5,0.6223,1083.5,2020-01-02,2026-04-28,1530
187,"ConsecDays(2) RSI(14,40,70)",14,40,70,,,,,,,,,,,,,,,,,2,86.17,10.78,-46.99,68.18,15,7,44,2.04,0.4873,1083.5,2020-01-02,2026-04-28,1530
188,AsymRSI buy=RSI(7)<25 sell=RSI(14)>75,,25,75,7,14,,,,,,,,,,,,,,,,85.62,10.72,-49.42,76.19,16,5,42,1.82,0.4729,1083.5,2020-01-02,2026-04-28,1530
189,AsymRSI buy=RSI(7)<30 sell=RSI(14)>75,,30,75,7,14,,,,,,,,,,,,,,,,85.6,10.72,-54.05,73.91,17,6,46,1.87,0.4672,1083.5,2020-01-02,2026-04-28,1530
190,"TrailStop(10%) RSI(14,35,65)",14,35,65,,,,,,,,,,,,,,,,10,,85.19,10.68,-46.59,56.76,21,16,74,1.67,0.5252,1083.5,2020-01-02,2026-04-28,1530
191,MT-BIAS buy=BIAS(7)<=-3% sell=BIAS(15)>=7%,,,,,,,,,,,7,-3,15,7,,,,,,,84.61,10.62,-48.81,69.57,16,7,46,1.82,0.4675,1083.5,2020-01-02,2026-04-28,1530
192,MT-BIAS buy=BIAS(3)<=-7% sell=BIAS(15)>=3%,,,,,,,,,,,3,-7,15,3,,,,,,,83.61,10.53,-22.98,100.0,7,0,14,999,0.5825,1083.5,2020-01-02,2026-04-28,1530
193,MT-BIAS buy=BIAS(5)<=-3% sell=BIAS(15)>=7%,,,,,,,,,,,5,-3,15,7,,,,,,,82.59,10.42,-48.93,70.83,17,7,48,1.83,0.4608,1083.5,2020-01-02,2026-04-28,1530
194,AsymRSI buy=RSI(10)<30 sell=RSI(28)>65,,30,65,10,28,,,,,,,,,,,,,,,,82.12,10.38,-48.2,76.47,13,4,34,2.42,0.4687,1083.5,2020-01-02,2026-04-28,1530
195,"TrailStop(8%) RSI(14,30,70)",14,30,70,,,,,,,,,,,,,,,,8,,82.0,10.37,-43.64,59.38,19,13,64,1.67,0.5262,1083.5,2020-01-02,2026-04-28,1530
196,"TrailStop(5%) RSI(14,30,70)",14,30,70,,,,,,,,,,,,,,,,5,,81.9,10.36,-31.33,48.57,17,18,70,1.74,0.5449,1083.5,2020-01-02,2026-04-28,1530
197,MT-BIAS buy=BIAS(5)<=-3% sell=BIAS(20)>=7%,,,,,,,,,,,5,-3,20,7,,,,,,,81.76,10.34,-51.62,78.26,18,5,46,1.76,0.4586,1083.5,2020-01-02,2026-04-28,1530
198,AsymRSI buy=RSI(10)<25 sell=RSI(28)>70,,25,70,10,28,,,,,,,,,,,,,,,,81.44,10.31,-44.65,66.67,8,4,24,2.59,0.4763,1083.5,2020-01-02,2026-04-28,1530
199,AsymRSI buy=RSI(5)<25 sell=RSI(14)>70,,25,70,5,14,,,,,,,,,,,,,,,,79.62,10.13,-48.52,78.79,26,7,66,1.78,0.4533,1083.5,2020-01-02,2026-04-28,1530
200,AsymRSI buy=RSI(5)<30 sell=RSI(14)>65,,30,65,5,14,,,,,,,,,,,,,,,,79.36,10.1,-46.93,81.4,35,8,86,1.79,0.4534,1083.5,2020-01-02,2026-04-28,1530
201,"TrailStop(10%) RSI(14,35,70)",14,35,70,,,,,,,,,,,,,,,,10,,78.94,10.06,-46.59,52.78,19,17,72,1.63,0.4945,1083.5,2020-01-02,2026-04-28,1530
202,MT-BIAS buy=BIAS(7)<=-10% sell=BIAS(30)>=10%,,,,,,,,,,,7,-10,30,10,,,,,,,78.8,10.04,-40.25,100.0,5,0,10,999,0.4845,1083.5,2020-01-02,2026-04-28,1530
203,MT-BIAS buy=BIAS(5)<=-10% sell=BIAS(30)>=3%,,,,,,,,,,,5,-10,30,3,,,,,,,78.76,10.04,-28.37,100.0,5,0,10,999,0.5899,1083.5,2020-01-02,2026-04-28,1530
204,MT-BIAS buy=BIAS(3)<=-10% sell=BIAS(15)>=7%,,,,,,,,,,,3,-10,15,7,,,,,,,78.72,10.04,-20.57,100.0,3,0,6,999,0.6801,1083.5,2020-01-02,2026-04-28,1530
205,MT-BIAS buy=BIAS(3)<=-10% sell=BIAS(15)>=3%,,,,,,,,,,,3,-10,15,3,,,,,,,77.55,9.92,-20.57,100.0,3,0,6,999,0.6739,1083.5,2020-01-02,2026-04-28,1530
206,MT-BIAS buy=BIAS(3)<=-10% sell=BIAS(15)>=5%,,,,,,,,,,,3,-10,15,5,,,,,,,77.55,9.92,-20.57,100.0,3,0,6,999,0.6739,1083.5,2020-01-02,2026-04-28,1530
207,MT-BIAS buy=BIAS(7)<=-10% sell=BIAS(30)>=7%,,,,,,,,,,,7,-10,30,7,,,,,,,76.93,9.85,-35.45,60.0,3,2,10,22.71,0.5215,1083.5,2020-01-02,2026-04-28,1530
208,BIAS-mom(10) cross>-3% sell>=7%,,,,,,,,10,,7,,,,,-3,,,,,,76.62,9.82,-49.0,76.47,13,4,34,1.81,0.4463,1083.5,2020-01-02,2026-04-28,1530
209,AsymRSI buy=RSI(7)<35 sell=RSI(14)>75,,35,75,7,14,,,,,,,,,,,,,,,,75.91,9.75,-54.25,73.91,17,6,46,1.8,0.4414,1083.5,2020-01-02,2026-04-28,1530
210,MT-BIAS buy=BIAS(7)<=-3% sell=BIAS(30)>=7%,,,,,,,,,,,7,-3,30,7,,,,,,,75.59,9.72,-49.83,78.26,18,5,46,1.85,0.4428,1083.5,2020-01-02,2026-04-28,1530
211,AsymRSI buy=RSI(7)<25 sell=RSI(14)>70,,25,70,7,14,,,,,,,,,,,,,,,,75.25,9.68,-47.46,76.0,19,6,50,1.83,0.4465,1083.5,2020-01-02,2026-04-28,1530
212,MT-BIAS buy=BIAS(3)<=-3% sell=BIAS(20)>=10%,,,,,,,,,,,3,-3,20,10,,,,,,,75.21,9.68,-51.21,70.0,7,3,20,2.32,0.4419,1083.5,2020-01-02,2026-04-28,1530
213,AsymRSI buy=RSI(7)<30 sell=RSI(14)>70,,30,70,7,14,,,,,,,,,,,,,,,,75.21,9.68,-49.36,75.0,21,7,56,1.86,0.4431,1083.5,2020-01-02,2026-04-28,1530
214,"TrailStop(15%) BIAS(10,-7,7)",,,,,,,,10,-7,7,,,,,,,,,15,,74.54,9.61,-39.82,61.11,11,7,36,1.8,0.4659,1083.5,2020-01-02,2026-04-28,1530
215,"BBw>=10% gate RSI(14,30,65)+BIAS(10,-3,7) bb_std=2.0",14,30,65,,,,,10,-3,7,,,,,,20,2.0,10,,,74.02,9.55,-49.22,62.5,5,3,16,2.13,0.4508,1083.5,2020-01-02,2026-04-28,1530
216,MT-BIAS buy=BIAS(7)<=-7% sell=BIAS(30)>=7%,,,,,,,,,,,7,-7,30,7,,,,,,,73.89,9.54,-37.48,70.0,7,3,20,4.49,0.4647,1083.5,2020-01-02,2026-04-28,1530
217,RSI-recovery(14) os<30 delta>=15 sell>65,14,,65,,,30,15,,,,,,,,,,,,,,73.49,9.5,-42.47,87.5,14,2,32,2.2,0.6012,1083.5,2020-01-02,2026-04-28,1530
218,MT-BIAS buy=BIAS(7)<=-7% sell=BIAS(20)>=3%,,,,,,,,,,,7,-7,20,3,,,,,,,72.9,9.44,-35.45,66.67,8,4,24,2.94,0.4781,1083.5,2020-01-02,2026-04-28,1530
219,MT-BIAS buy=BIAS(5)<=-5% sell=BIAS(30)>=10%,,,,,,,,,,,5,-5,30,10,,,,,,,72.38,9.38,-47.89,70.0,7,3,20,3.09,0.4395,1083.5,2020-01-02,2026-04-28,1530
220,MT-BIAS buy=BIAS(7)<=-7% sell=BIAS(20)>=5%,,,,,,,,,,,7,-7,20,5,,,,,,,71.91,9.33,-35.45,58.33,7,5,24,2.99,0.4671,1083.5,2020-01-02,2026-04-28,1530
221,"ConsecDays(2) RSI(14,40,65)",14,40,65,,,,,,,,,,,,,,,,,2,71.89,9.33,-46.99,66.67,16,8,48,1.93,0.4501,1083.5,2020-01-02,2026-04-28,1530
222,MT-BIAS buy=BIAS(5)<=-3% sell=BIAS(30)>=7%,,,,,,,,,,,5,-3,30,7,,,,,,,71.54,9.29,-48.42,80.77,21,5,52,1.84,0.4316,1083.5,2020-01-02,2026-04-28,1530
223,AsymRSI buy=RSI(7)<35 sell=RSI(14)>65,,35,65,7,14,,,,,,,,,,,,,,,,71.49,9.29,-54.35,76.32,29,9,76,1.82,0.4342,1083.5,2020-01-02,2026-04-28,1530
224,MT-BIAS buy=BIAS(7)<=-3% sell=BIAS(20)>=7%,,,,,,,,,,,7,-3,20,7,,,,,,,71.2,9.26,-55.52,76.19,16,5,42,1.69,0.4309,1083.5,2020-01-02,2026-04-28,1530
225,MT-BIAS buy=BIAS(3)<=-3% sell=BIAS(30)>=10%,,,,,,,,,,,3,-3,30,10,,,,,,,71.01,9.24,-53.65,71.43,10,4,28,2.27,0.4324,1083.5,2020-01-02,2026-04-28,1530
226,AsymRSI buy=RSI(7)<25 sell=RSI(14)>65,,25,65,7,14,,,,,,,,,,,,,,,,70.79,9.22,-46.93,76.67,23,7,60,1.86,0.436,1083.5,2020-01-02,2026-04-28,1530
227,MT-BIAS buy=BIAS(7)<=-3% sell=BIAS(20)>=3%,,,,,,,,,,,7,-3,20,3,,,,,,,70.49,9.18,-45.33,78.95,30,8,76,1.77,0.435,1083.5,2020-01-02,2026-04-28,1530
228,"TrailStop(15%) RSI(14,35,70)",14,35,70,,,,,,,,,,,,,,,,15,,70.3,9.17,-43.45,65.52,19,10,58,1.54,0.4452,1083.5,2020-01-02,2026-04-28,1530
229,"TrailStop(5%) RSI(14,30,65)",14,30,65,,,,,,,,,,,,,,,,5,,70.28,9.16,-31.33,51.43,18,17,70,1.69,0.5036,1083.5,2020-01-02,2026-04-28,1530
230,"TrailStop(8%) BIAS(10,-7,7)",,,,,,,,10,-7,7,,,,,,,,,8,,70.1,9.14,-40.24,44.0,11,14,50,1.66,0.4817,1083.5,2020-01-02,2026-04-28,1530
231,MT-BIAS buy=BIAS(5)<=-10% sell=BIAS(20)>=5%,,,,,,,,,,,5,-10,20,5,,,,,,,69.31,9.06,-28.37,80.0,4,1,10,52.46,0.5224,1083.5,2020-01-02,2026-04-28,1530
232,MT-BIAS buy=BIAS(5)<=-10% sell=BIAS(20)>=3%,,,,,,,,,,,5,-10,20,3,,,,,,,68.17,8.94,-28.37,80.0,4,1,10,51.64,0.5176,1083.5,2020-01-02,2026-04-28,1530
233,AsymRSI buy=RSI(7)<30 sell=RSI(14)>65,,30,65,7,14,,,,,,,,,,,,,,,,66.44,8.75,-52.0,75.76,25,8,66,1.78,0.4201,1083.5,2020-01-02,2026-04-28,1530
234,"ConsecDays(2) RSI(14,40,75)",14,40,75,,,,,,,,,,,,,,,,,2,65.08,8.61,-48.15,68.42,13,6,38,1.71,0.4216,1083.5,2020-01-02,2026-04-28,1530
235,"TrailStop(10%) RSI(14,35,75)",14,35,75,,,,,,,,,,,,,,,,10,,64.77,8.57,-46.59,47.22,17,19,72,1.57,0.4407,1083.5,2020-01-02,2026-04-28,1530
236,AsymRSI buy=RSI(10)<25 sell=RSI(14)>80,,25,80,10,14,,,,,,,,,,,,,,,,61.99,8.27,-48.0,61.54,8,5,26,1.98,0.4183,1083.5,2020-01-02,2026-04-28,1530
237,MT-BIAS buy=BIAS(5)<=-5% sell=BIAS(20)>=3%,,,,,,,,,,,5,-5,20,3,,,,,,,61.83,8.25,-39.07,77.78,14,4,36,2.45,0.4226,1083.5,2020-01-02,2026-04-28,1530
238,MT-BIAS buy=BIAS(7)<=-10% sell=BIAS(30)>=5%,,,,,,,,,,,7,-10,30,5,,,,,,,61.77,8.25,-35.45,60.0,3,2,10,10.01,0.4728,1083.5,2020-01-02,2026-04-28,1530
239,AsymRSI buy=RSI(10)<35 sell=RSI(14)>75,,35,75,10,14,,,,,,,,,,,,,,,,61.02,8.16,-48.8,76.19,16,5,42,1.67,0.4042,1083.5,2020-01-02,2026-04-28,1530
240,"TrailStop(5%) RSI(14,30,75)",14,30,75,,,,,,,,,,,,,,,,5,,61.02,8.16,-35.89,48.57,17,18,70,1.63,0.4538,1083.5,2020-01-02,2026-04-28,1530
241,"TrailStop(20%) RSI(14,30,65)",14,30,65,,,,,,,,,,,,,,,,20,,60.76,8.13,-49.14,72.0,18,7,50,1.56,0.436,1083.5,2020-01-02,2026-04-28,1530
242,MT-BIAS buy=BIAS(7)<=-10% sell=BIAS(30)>=3%,,,,,,,,,,,7,-10,30,3,,,,,,,60.42,8.1,-35.45,66.67,4,2,12,7.28,0.4734,1083.5,2020-01-02,2026-04-28,1530
243,RSI-recovery(14) os<35 delta>=15 sell>65,14,,65,,,35,15,,,,,,,,,,,,,,59.87,8.03,-42.47,80.0,16,4,40,1.97,0.4845,1083.5,2020-01-02,2026-04-28,1530
244,"ConsecDays(2) RSI(14,30,75)",14,30,75,,,,,,,,,,,,,,,,,2,59.63,8.01,-48.25,66.67,8,4,24,2.04,0.4261,1083.5,2020-01-02,2026-04-28,1530
245,MT-BIAS buy=BIAS(5)<=-10% sell=BIAS(15)>=7%,,,,,,,,,,,5,-10,15,7,,,,,,,59.62,8.01,-28.37,80.0,4,1,10,14.77,0.4767,1083.5,2020-01-02,2026-04-28,1530
246,MT-BIAS buy=BIAS(7)<=-3% sell=BIAS(30)>=3%,,,,,,,,,,,7,-3,30,3,,,,,,,59.15,7.95,-44.43,82.05,32,7,78,1.81,0.4014,1083.5,2020-01-02,2026-04-28,1530
247,MT-BIAS buy=BIAS(7)<=-7% sell=BIAS(15)>=7%,,,,,,,,,,,7,-7,15,7,,,,,,,58.87,7.92,-46.93,58.33,7,5,24,2.25,0.416,1083.5,2020-01-02,2026-04-28,1530
248,"BBw>=3% gate RSI(14,35,70)+BIAS(10,-5,5) bb_std=2.0",14,35,70,,,,,10,-5,5,,,,,,20,2.0,3,,,58.6,7.89,-44.71,63.64,7,4,22,2.02,0.404,1083.5,2020-01-02,2026-04-28,1530
249,"BBw>=5% gate RSI(14,35,70)+BIAS(10,-5,5) bb_std=2.0",14,35,70,,,,,10,-5,5,,,,,,20,2.0,5,,,58.6,7.89,-44.71,63.64,7,4,22,2.02,0.404,1083.5,2020-01-02,2026-04-28,1530
250,"BBw>=7% gate RSI(14,35,70)+BIAS(10,-5,5) bb_std=2.0",14,35,70,,,,,10,-5,5,,,,,,20,2.0,7,,,58.6,7.89,-44.71,63.64,7,4,22,2.02,0.404,1083.5,2020-01-02,2026-04-28,1530
251,"BBw>=3% gate RSI(14,35,70)+BIAS(10,-5,5) bb_std=2.5",14,35,70,,,,,10,-5,5,,,,,,20,2.5,3,,,58.6,7.89,-44.71,63.64,7,4,22,2.02,0.404,1083.5,2020-01-02,2026-04-28,1530
252,"BBw>=5% gate RSI(14,35,70)+BIAS(10,-5,5) bb_std=2.5",14,35,70,,,,,10,-5,5,,,,,,20,2.5,5,,,58.6,7.89,-44.71,63.64,7,4,22,2.02,0.404,1083.5,2020-01-02,2026-04-28,1530
253,"BBw>=7% gate RSI(14,35,70)+BIAS(10,-5,5) bb_std=2.5",14,35,70,,,,,10,-5,5,,,,,,20,2.5,7,,,58.6,7.89,-44.71,63.64,7,4,22,2.02,0.404,1083.5,2020-01-02,2026-04-28,1530
254,"BBw>=10% gate RSI(14,35,70)+BIAS(10,-5,5) bb_std=2.5",14,35,70,,,,,10,-5,5,,,,,,20,2.5,10,,,58.6,7.89,-44.71,63.64,7,4,22,2.02,0.404,1083.5,2020-01-02,2026-04-28,1530
255,MT-BIAS buy=BIAS(5)<=-10% sell=BIAS(15)>=5%,,,,,,,,,,,5,-10,15,5,,,,,,,58.57,7.89,-28.37,80.0,4,1,10,14.54,0.4716,1083.5,2020-01-02,2026-04-28,1530
256,"TrailStop(8%) RSI(14,30,75)",14,30,75,,,,,,,,,,,,,,,,8,,58.51,7.88,-43.64,56.25,18,14,64,1.54,0.4305,1083.5,2020-01-02,2026-04-28,1530
257,MT-BIAS buy=BIAS(7)<=-7% sell=BIAS(30)>=3%,,,,,,,,,,,7,-7,30,3,,,,,,,58.5,7.88,-37.17,58.33,7,5,24,4.33,0.4255,1083.5,2020-01-02,2026-04-28,1530
258,"ConsecDays(3) RSI(14,40,70)",14,40,70,,,,,,,,,,,,,,,,,3,57.27,7.74,-46.9,70.0,14,6,40,1.77,0.3993,1083.5,2020-01-02,2026-04-28,1530
259,MT-BIAS buy=BIAS(7)<=-7% sell=BIAS(20)>=7%,,,,,,,,,,,7,-7,20,7,,,,,,,57.16,7.73,-42.06,60.0,6,4,20,2.62,0.4076,1083.5,2020-01-02,2026-04-28,1530
260,MT-BIAS buy=BIAS(7)<=-5% sell=BIAS(30)>=10%,,,,,,,,,,,7,-5,30,10,,,,,,,56.32,7.64,-47.87,70.0,7,3,20,2.54,0.3902,1083.5,2020-01-02,2026-04-28,1530
261,"BBw>=10% gate RSI(14,35,70)+BIAS(10,-3,5) bb_std=2.5",14,35,70,,,,,10,-3,5,,,,,,20,2.5,10,,,56.25,7.63,-48.24,66.67,8,4,24,1.89,0.3924,1083.5,2020-01-02,2026-04-28,1530
262,AsymRSI buy=RSI(10)<30 sell=RSI(21)>65,,30,65,10,21,,,,,,,,,,,,,,,,55.96,7.59,-48.2,76.19,16,5,42,1.7,0.3923,1083.5,2020-01-02,2026-04-28,1530
263,"TrailStop(15%) RSI(14,35,65)",14,35,65,,,,,,,,,,,,,,,,15,,55.69,7.56,-40.6,64.52,20,11,62,1.45,0.4001,1083.5,2020-01-02,2026-04-28,1530
264,MT-BIAS buy=BIAS(5)<=-3% sell=BIAS(30)>=3%,,,,,,,,,,,5,-3,30,3,,,,,,,55.65,7.56,-44.22,80.49,33,8,82,1.78,0.3903,1083.5,2020-01-02,2026-04-28,1530
265,MT-BIAS buy=BIAS(7)<=-10% sell=BIAS(15)>=10%,,,,,,,,,,,7,-10,15,10,,,,,,,55.12,7.5,-35.45,60.0,3,2,10,4.91,0.4305,1083.5,2020-01-02,2026-04-28,1530
266,MT-BIAS buy=BIAS(7)<=-3% sell=BIAS(30)>=5%,,,,,,,,,,,7,-3,30,5,,,,,,,54.51,7.43,-49.22,82.76,24,5,58,1.67,0.3837,1083.5,2020-01-02,2026-04-28,1530
267,"TrailStop(20%) RSI(14,30,70)",14,30,70,,,,,,,,,,,,,,,,20,,54.44,7.42,-49.14,70.83,17,7,48,1.46,0.4015,1083.5,2020-01-02,2026-04-28,1530
268,RSI-recovery(14) os<25 delta>=5 sell>70,14,,70,,,25,5,,,,,,,,,,,,,,54.21,7.39,-42.22,72.73,8,3,22,1.9,0.4523,1083.5,2020-01-02,2026-04-28,1530
269,MT-BIAS buy=BIAS(5)<=-10% sell=BIAS(15)>=3%,,,,,,,,,,,5,-10,15,3,,,,,,,53.93,7.36,-28.37,80.0,4,1,10,13.51,0.4484,1083.5,2020-01-02,2026-04-28,1530
270,"BBw>=7% gate RSI(14,35,70)+BIAS(10,-3,5) bb_std=2.0",14,35,70,,,,,10,-3,5,,,,,,20,2.0,7,,,53.3,7.29,-48.24,66.67,8,4,24,1.83,0.3825,1083.5,2020-01-02,2026-04-28,1530
271,"BBw>=3% gate RSI(14,35,70)+BIAS(10,-3,5) bb_std=2.0",14,35,70,,,,,10,-3,5,,,,,,20,2.0,3,,,52.84,7.24,-48.24,66.67,8,4,24,1.83,0.3809,1083.5,2020-01-02,2026-04-28,1530
272,"BBw>=5% gate RSI(14,35,70)+BIAS(10,-3,5) bb_std=2.0",14,35,70,,,,,10,-3,5,,,,,,20,2.0,5,,,52.84,7.24,-48.24,66.67,8,4,24,1.83,0.3809,1083.5,2020-01-02,2026-04-28,1530
273,"BBw>=3% gate RSI(14,35,70)+BIAS(10,-3,5) bb_std=2.5",14,35,70,,,,,10,-3,5,,,,,,20,2.5,3,,,52.84,7.24,-48.24,66.67,8,4,24,1.83,0.3809,1083.5,2020-01-02,2026-04-28,1530
274,"BBw>=5% gate RSI(14,35,70)+BIAS(10,-3,5) bb_std=2.5",14,35,70,,,,,10,-3,5,,,,,,20,2.5,5,,,52.84,7.24,-48.24,66.67,8,4,24,1.83,0.3809,1083.5,2020-01-02,2026-04-28,1530
275,"BBw>=7% gate RSI(14,35,70)+BIAS(10,-3,5) bb_std=2.5",14,35,70,,,,,10,-3,5,,,,,,20,2.5,7,,,52.84,7.24,-48.24,66.67,8,4,24,1.83,0.3809,1083.5,2020-01-02,2026-04-28,1530
276,RSI-recovery(14) os<35 delta>=15 sell>70,14,,70,,,35,15,,,,,,,,,,,,,,52.64,7.21,-42.16,77.78,14,4,36,1.86,0.4252,1083.5,2020-01-02,2026-04-28,1530
277,MT-BIAS buy=BIAS(7)<=-10% sell=BIAS(20)>=7%,,,,,,,,,,,7,-10,20,7,,,,,,,52.11,7.15,-35.45,60.0,3,2,10,5.31,0.4168,1083.5,2020-01-02,2026-04-28,1530
278,MT-BIAS buy=BIAS(7)<=-3% sell=BIAS(15)>=3%,,,,,,,,,,,7,-3,15,3,,,,,,,51.83,7.12,-46.93,70.27,26,11,74,1.59,0.3758,1083.5,2020-01-02,2026-04-28,1530
279,MT-BIAS buy=BIAS(5)<=-7% sell=BIAS(30)>=10%,,,,,,,,,,,5,-7,30,10,,,,,,,51.79,7.11,-40.25,100.0,6,0,12,999,0.3819,1083.5,2020-01-02,2026-04-28,1530
280,"TrailStop(10%) BIAS(10,-5,7)",,,,,,,,10,-5,7,,,,,,,,,10,,51.21,7.05,-44.37,44.12,15,19,68,1.42,0.3821,1083.5,2020-01-02,2026-04-28,1530
281,RSI-recovery(14) os<25 delta>=8 sell>70,14,,70,,,25,8,,,,,,,,,,,,,,50.49,6.96,-42.25,72.73,8,3,22,1.89,0.4346,1083.5,2020-01-02,2026-04-28,1530
282,AsymRSI buy=RSI(10)<35 sell=RSI(14)>70,,35,70,10,14,,,,,,,,,,,,,,,,49.3,6.82,-46.99,76.0,19,6,50,1.67,0.3674,1083.5,2020-01-02,2026-04-28,1530
283,MT-BIAS buy=BIAS(7)<=-3% sell=BIAS(20)>=5%,,,,,,,,,,,7,-3,20,5,,,,,,,49.0,6.79,-52.36,75.0,21,7,56,1.57,0.3655,1083.5,2020-01-02,2026-04-28,1530
284,"BBw>=7% gate RSI(14,30,70)+BIAS(10,-3,5) bb_std=2.0",14,30,70,,,,,10,-3,5,,,,,,20,2.0,7,,,48.71,6.75,-48.25,63.64,7,4,22,1.86,0.3691,1083.5,2020-01-02,2026-04-28,1530
285,AsymRSI buy=RSI(10)<25 sell=RSI(21)>75,,25,75,10,21,,,,,,,,,,,,,,,,48.55,6.74,-48.85,70.0,7,3,20,1.75,0.3661,1083.5,2020-01-02,2026-04-28,1530
286,"BBw>=3% gate RSI(14,30,70)+BIAS(10,-3,5) bb_std=2.0",14,30,70,,,,,10,-3,5,,,,,,20,2.0,3,,,48.26,6.7,-48.25,63.64,7,4,22,1.85,0.3675,1083.5,2020-01-02,2026-04-28,1530
287,"BBw>=5% gate RSI(14,30,70)+BIAS(10,-3,5) bb_std=2.0",14,30,70,,,,,10,-3,5,,,,,,20,2.0,5,,,48.26,6.7,-48.25,63.64,7,4,22,1.85,0.3675,1083.5,2020-01-02,2026-04-28,1530
288,"BBw>=3% gate RSI(14,30,70)+BIAS(10,-3,5) bb_std=2.5",14,30,70,,,,,10,-3,5,,,,,,20,2.5,3,,,48.26,6.7,-48.25,63.64,7,4,22,1.85,0.3675,1083.5,2020-01-02,2026-04-28,1530
289,"BBw>=5% gate RSI(14,30,70)+BIAS(10,-3,5) bb_std=2.5",14,30,70,,,,,10,-3,5,,,,,,20,2.5,5,,,48.26,6.7,-48.25,63.64,7,4,22,1.85,0.3675,1083.5,2020-01-02,2026-04-28,1530
290,"BBw>=7% gate RSI(14,30,70)+BIAS(10,-3,5) bb_std=2.5",14,30,70,,,,,10,-3,5,,,,,,20,2.5,7,,,48.26,6.7,-48.25,63.64,7,4,22,1.85,0.3675,1083.5,2020-01-02,2026-04-28,1530
291,AsymRSI buy=RSI(10)<35 sell=RSI(14)>65,,35,65,10,14,,,,,,,,,,,,,,,,47.76,6.64,-46.99,68.97,20,9,58,1.66,0.3629,1083.5,2020-01-02,2026-04-28,1530
292,RSI-recovery(14) os<25 delta>=15 sell>70,14,,70,,,25,15,,,,,,,,,,,,,,45.99,6.43,-42.78,81.82,9,2,22,1.94,0.4355,1083.5,2020-01-02,2026-04-28,1530
293,RSI-recovery(14) os<25 delta>=5 sell>65,14,,65,,,25,5,,,,,,,,,,,,,,45.53,6.38,-42.22,75.0,9,3,24,1.72,0.4131,1083.5,2020-01-02,2026-04-28,1530
294,"TrailStop(15%) RSI(14,30,75)",14,30,75,,,,,,,,,,,,,,,,15,,45.31,6.35,-45.04,60.0,15,10,50,1.37,0.3612,1083.5,2020-01-02,2026-04-28,1530
295,"ConsecDays(3) RSI(14,40,65)",14,40,65,,,,,,,,,,,,,,,,,3,45.17,6.33,-46.9,68.18,15,7,44,1.68,0.3583,1083.5,2020-01-02,2026-04-28,1530
296,AsymRSI buy=RSI(5)<25 sell=RSI(14)>65,,25,65,5,14,,,,,,,,,,,,,,,,45.04,6.32,-46.93,78.95,30,8,76,1.59,0.3522,1083.5,2020-01-02,2026-04-28,1530
297,"TrailStop(10%) BIAS(10,-7,5)",,,,,,,,10,-7,5,,,,,,,,,10,,44.52,6.25,-41.02,56.0,14,11,50,1.5,0.3747,1083.5,2020-01-02,2026-04-28,1530
298,MT-BIAS buy=BIAS(3)<=-10% sell=BIAS(20)>=10%,,,,,,,,,,,3,-10,20,10,,,,,,,44.09,6.2,-49.45,100.0,2,0,4,999,0.3879,1083.5,2020-01-02,2026-04-28,1530
299,"TrailStop(8%) RSI(14,35,65)",14,35,65,,,,,,,,,,,,,,,,8,,43.62,6.14,-46.38,48.78,20,21,82,1.41,0.3657,1083.5,2020-01-02,2026-04-28,1530
300,"TrailStop(8%) RSI(14,35,70)",14,35,70,,,,,,,,,,,,,,,,8,,42.57,6.01,-47.86,45.0,18,22,80,1.4,0.3571,1083.5,2020-01-02,2026-04-28,1530
301,"ConsecDays(2) RSI(14,35,70)",14,35,70,,,,,,,,,,,,,,,,,2,42.46,6.0,-46.99,66.67,12,6,36,1.64,0.3475,1083.5,2020-01-02,2026-04-28,1530
302,RSI-recovery(14) os<25 delta>=8 sell>65,14,,65,,,25,8,,,,,,,,,,,,,,42.02,5.95,-42.25,75.0,9,3,24,1.71,0.3946,1083.5,2020-01-02,2026-04-28,1530
303,RSI-recovery(14) os<25 delta>=10 sell>70,14,,70,,,25,10,,,,,,,,,,,,,,41.45,5.88,-42.24,72.73,8,3,22,1.78,0.3858,1083.5,2020-01-02,2026-04-28,1530
304,RSI-recovery(14) os<25 delta>=5 sell>75,14,,75,,,25,5,,,,,,,,,,,,,,41.23,5.85,-42.29,70.0,7,3,20,1.81,0.3784,1083.5,2020-01-02,2026-04-28,1530
305,MT-BIAS buy=BIAS(5)<=-3% sell=BIAS(20)>=5%,,,,,,,,,,,5,-3,20,5,,,,,,,39.56,5.64,-51.58,76.67,23,7,60,1.5,0.3337,1083.5,2020-01-02,2026-04-28,1530
306,BIAS-mom(5) cross>-2% sell>=3%,,,,,,,,5,,3,,,,,-2,,,,,,39.47,5.63,-51.01,77.59,45,13,116,1.55,0.3372,1083.5,2020-01-02,2026-04-28,1530
307,MT-BIAS buy=BIAS(5)<=-3% sell=BIAS(30)>=5%,,,,,,,,,,,5,-3,30,5,,,,,,,39.18,5.6,-51.83,80.65,25,6,62,1.55,0.3324,1083.5,2020-01-02,2026-04-28,1530
308,"ConsecDays(2) RSI(14,35,65)",14,35,65,,,,,,,,,,,,,,,,,2,38.44,5.5,-46.99,65.0,13,7,40,1.63,0.3337,1083.5,2020-01-02,2026-04-28,1530
309,BIAS-mom(10) cross>-5% sell>=7%,,,,,,,,10,,7,,,,,-5,,,,,,38.36,5.49,-49.1,61.54,8,5,26,1.49,0.3294,1083.5,2020-01-02,2026-04-28,1530
310,RSI-recovery(14) os<25 delta>=15 sell>65,14,,65,,,25,15,,,,,,,,,,,,,,37.79,5.42,-43.39,83.33,10,2,24,1.71,0.3926,1083.5,2020-01-02,2026-04-28,1530
311,"TrailStop(20%) RSI(14,35,70)",14,35,70,,,,,,,,,,,,,,,,20,,37.79,5.42,-49.12,72.0,18,7,50,1.38,0.3292,1083.5,2020-01-02,2026-04-28,1530
312,MT-BIAS buy=BIAS(3)<=-5% sell=BIAS(30)>=10%,,,,,,,,,,,3,-5,30,10,,,,,,,37.61,5.4,-47.51,57.14,4,3,14,2.33,0.3268,1083.5,2020-01-02,2026-04-28,1530
313,"BBw>=3% gate RSI(14,35,65)+BIAS(10,-5,5) bb_std=2.0",14,35,65,,,,,10,-5,5,,,,,,20,2.0,3,,,36.61,5.27,-52.11,63.64,7,4,22,1.59,0.3233,1083.5,2020-01-02,2026-04-28,1530
314,"BBw>=5% gate RSI(14,35,65)+BIAS(10,-5,5) bb_std=2.0",14,35,65,,,,,10,-5,5,,,,,,20,2.0,5,,,36.61,5.27,-52.11,63.64,7,4,22,1.59,0.3233,1083.5,2020-01-02,2026-04-28,1530
315,"BBw>=7% gate RSI(14,35,65)+BIAS(10,-5,5) bb_std=2.0",14,35,65,,,,,10,-5,5,,,,,,20,2.0,7,,,36.61,5.27,-52.11,63.64,7,4,22,1.59,0.3233,1083.5,2020-01-02,2026-04-28,1530
316,"BBw>=3% gate RSI(14,35,65)+BIAS(10,-5,5) bb_std=2.5",14,35,65,,,,,10,-5,5,,,,,,20,2.5,3,,,36.61,5.27,-52.11,63.64,7,4,22,1.59,0.3233,1083.5,2020-01-02,2026-04-28,1530
317,"BBw>=5% gate RSI(14,35,65)+BIAS(10,-5,5) bb_std=2.5",14,35,65,,,,,10,-5,5,,,,,,20,2.5,5,,,36.61,5.27,-52.11,63.64,7,4,22,1.59,0.3233,1083.5,2020-01-02,2026-04-28,1530
318,"BBw>=7% gate RSI(14,35,65)+BIAS(10,-5,5) bb_std=2.5",14,35,65,,,,,10,-5,5,,,,,,20,2.5,7,,,36.61,5.27,-52.11,63.64,7,4,22,1.59,0.3233,1083.5,2020-01-02,2026-04-28,1530
319,"BBw>=10% gate RSI(14,35,65)+BIAS(10,-5,5) bb_std=2.5",14,35,65,,,,,10,-5,5,,,,,,20,2.5,10,,,36.61,5.27,-52.11,63.64,7,4,22,1.59,0.3233,1083.5,2020-01-02,2026-04-28,1530
320,MT-BIAS buy=BIAS(7)<=-7% sell=BIAS(30)>=5%,,,,,,,,,,,7,-7,30,5,,,,,,,36.56,5.27,-43.32,60.0,6,4,20,2.44,0.3277,1083.5,2020-01-02,2026-04-28,1530
321,RSI-recovery(14) os<25 delta>=8 sell>75,14,,75,,,25,8,,,,,,,,,,,,,,36.4,5.25,-42.31,70.0,7,3,20,1.73,0.3513,1083.5,2020-01-02,2026-04-28,1530
322,"BBw>=10% gate RSI(14,30,70)+BIAS(10,-3,5) bb_std=2.5",14,30,70,,,,,10,-3,5,,,,,,20,2.5,10,,,36.25,5.23,-48.25,60.0,6,4,20,1.69,0.3217,1083.5,2020-01-02,2026-04-28,1530
323,MT-BIAS buy=BIAS(7)<=-3% sell=BIAS(15)>=5%,,,,,,,,,,,7,-3,15,5,,,,,,,36.17,5.22,-58.93,74.07,20,7,54,1.4,0.3217,1083.5,2020-01-02,2026-04-28,1530
324,AsymRSI buy=RSI(10)<30 sell=RSI(14)>70,,30,70,10,14,,,,,,,,,,,,,,,,35.63,5.15,-46.99,72.73,16,6,44,1.52,0.3192,1083.5,2020-01-02,2026-04-28,1530
325,MT-BIAS buy=BIAS(7)<=-10% sell=BIAS(20)>=5%,,,,,,,,,,,7,-10,20,5,,,,,,,35.62,5.15,-35.45,60.0,3,2,10,2.88,0.3377,1083.5,2020-01-02,2026-04-28,1530
326,MT-BIAS buy=BIAS(3)<=-5% sell=BIAS(20)>=3%,,,,,,,,,,,3,-5,20,3,,,,,,,35.39,5.12,-39.07,81.82,9,2,22,2.41,0.3255,1083.5,2020-01-02,2026-04-28,1530
327,MT-BIAS buy=BIAS(5)<=-3% sell=BIAS(15)>=5%,,,,,,,,,,,5,-3,15,5,,,,,,,35.23,5.1,-56.62,75.86,22,7,58,1.39,0.3185,1083.5,2020-01-02,2026-04-28,1530
328,MT-BIAS buy=BIAS(3)<=-5% sell=BIAS(30)>=3%,,,,,,,,,,,3,-5,30,3,,,,,,,35.02,5.07,-39.07,72.73,8,3,22,2.82,0.3245,1083.5,2020-01-02,2026-04-28,1530
329,MT-BIAS buy=BIAS(7)<=-10% sell=BIAS(20)>=3%,,,,,,,,,,,7,-10,20,3,,,,,,,34.71,5.03,-35.45,60.0,3,2,10,2.84,0.3329,1083.5,2020-01-02,2026-04-28,1530
330,"BBw>=10% gate RSI(14,35,65)+BIAS(10,-3,5) bb_std=2.5",14,35,65,,,,,10,-3,5,,,,,,20,2.5,10,,,34.63,5.02,-49.87,66.67,8,4,24,1.52,0.315,1083.5,2020-01-02,2026-04-28,1530
331,"BBw>=10% gate RSI(14,35,70)+BIAS(10,-5,5) bb_std=2.0",14,35,70,,,,,10,-5,5,,,,,,20,2.0,10,,,34.43,4.99,-44.71,60.0,6,4,20,1.7,0.3143,1083.5,2020-01-02,2026-04-28,1530
332,MT-BIAS buy=BIAS(5)<=-5% sell=BIAS(20)>=10%,,,,,,,,,,,5,-5,20,10,,,,,,,33.75,4.91,-57.0,57.14,4,3,14,1.71,0.3135,1083.5,2020-01-02,2026-04-28,1530
333,AsymRSI buy=RSI(10)<30 sell=RSI(14)>75,,30,75,10,14,,,,,,,,,,,,,,,,33.64,4.89,-48.2,73.68,14,5,38,1.46,0.3113,1083.5,2020-01-02,2026-04-28,1530
334,AsymRSI buy=RSI(10)<30 sell=RSI(14)>65,,30,65,10,14,,,,,,,,,,,,,,,,33.63,4.89,-46.99,68.0,17,8,50,1.52,0.3116,1083.5,2020-01-02,2026-04-28,1530
335,MT-BIAS buy=BIAS(5)<=-7% sell=BIAS(30)>=3%,,,,,,,,,,,5,-7,30,3,,,,,,,33.62,4.89,-37.17,55.56,5,4,18,3.25,0.3179,1083.5,2020-01-02,2026-04-28,1530
336,RSI-recovery(14) os<25 delta>=10 sell>65,14,,65,,,25,10,,,,,,,,,,,,,,33.49,4.87,-44.55,75.0,9,3,24,1.61,0.3437,1083.5,2020-01-02,2026-04-28,1530
337,"TrailStop(8%) RSI(14,35,75)",14,35,75,,,,,,,,,,,,,,,,8,,33.4,4.86,-47.86,42.5,17,23,80,1.35,0.314,1083.5,2020-01-02,2026-04-28,1530
338,AsymRSI buy=RSI(10)<25 sell=RSI(28)>65,,25,65,10,28,,,,,,,,,,,,,,,,32.79,4.78,-46.01,66.67,8,4,24,1.71,0.3078,1083.5,2020-01-02,2026-04-28,1530
339,MT-BIAS buy=BIAS(7)<=-7% sell=BIAS(20)>=10%,,,,,,,,,,,7,-7,20,10,,,,,,,32.29,4.72,-53.02,50.0,3,3,12,1.79,0.3071,1083.5,2020-01-02,2026-04-28,1530
340,MT-BIAS buy=BIAS(5)<=-3% sell=BIAS(20)>=3%,,,,,,,,,,,5,-3,20,3,,,,,,,32.15,4.7,-45.33,78.95,30,8,76,1.48,0.3059,1083.5,2020-01-02,2026-04-28,1530
341,"BBw>=7% gate RSI(14,35,65)+BIAS(10,-3,5) bb_std=2.0",14,35,65,,,,,10,-3,5,,,,,,20,2.0,7,,,32.11,4.69,-49.52,66.67,8,4,24,1.48,0.3051,1083.5,2020-01-02,2026-04-28,1530
342,"ConsecDays(3) RSI(14,40,75)",14,40,75,,,,,,,,,,,,,,,,,3,32.08,4.69,-48.16,70.59,12,5,34,1.45,0.3046,1083.5,2020-01-02,2026-04-28,1530
343,"TrailStop(15%) RSI(14,35,75)",14,35,75,,,,,,,,,,,,,,,,15,,32.05,4.69,-52.58,59.26,16,11,54,1.31,0.3043,1083.5,2020-01-02,2026-04-28,1530
344,MT-BIAS buy=BIAS(3)<=-3% sell=BIAS(20)>=7%,,,,,,,,,,,3,-3,20,7,,,,,,,32.0,4.68,-56.9,70.59,12,5,34,1.39,0.3054,1083.5,2020-01-02,2026-04-28,1530
345,MT-BIAS buy=BIAS(7)<=-7% sell=BIAS(15)>=10%,,,,,,,,,,,7,-7,15,10,,,,,,,31.92,4.67,-46.93,62.5,5,3,16,1.62,0.3042,1083.5,2020-01-02,2026-04-28,1530
346,"BBw>=10% gate RSI(14,35,70)+BIAS(10,-3,5) bb_std=2.0",14,35,70,,,,,10,-3,5,,,,,,20,2.0,10,,,31.92,4.67,-48.24,60.0,6,4,20,1.64,0.3042,1083.5,2020-01-02,2026-04-28,1530
347,"BBw>=3% gate RSI(14,35,65)+BIAS(10,-3,5) bb_std=2.0",14,35,65,,,,,10,-3,5,,,,,,20,2.0,3,,,31.71,4.64,-49.67,66.67,8,4,24,1.47,0.3035,1083.5,2020-01-02,2026-04-28,1530
348,"BBw>=5% gate RSI(14,35,65)+BIAS(10,-3,5) bb_std=2.0",14,35,65,,,,,10,-3,5,,,,,,20,2.0,5,,,31.71,4.64,-49.67,66.67,8,4,24,1.47,0.3035,1083.5,2020-01-02,2026-04-28,1530
349,"BBw>=3% gate RSI(14,35,65)+BIAS(10,-3,5) bb_std=2.5",14,35,65,,,,,10,-3,5,,,,,,20,2.5,3,,,31.71,4.64,-49.67,66.67,8,4,24,1.47,0.3035,1083.5,2020-01-02,2026-04-28,1530
350,"BBw>=5% gate RSI(14,35,65)+BIAS(10,-3,5) bb_std=2.5",14,35,65,,,,,10,-3,5,,,,,,20,2.5,5,,,31.71,4.64,-49.67,66.67,8,4,24,1.47,0.3035,1083.5,2020-01-02,2026-04-28,1530
351,"BBw>=7% gate RSI(14,35,65)+BIAS(10,-3,5) bb_std=2.5",14,35,65,,,,,10,-3,5,,,,,,20,2.5,7,,,31.71,4.64,-49.67,66.67,8,4,24,1.47,0.3035,1083.5,2020-01-02,2026-04-28,1530
352,"ConsecDays(2) BIAS(10,-5,7)",,,,,,,,10,-5,7,,,,,,,,,,2,31.04,4.55,-50.77,63.64,7,4,22,1.45,0.3003,1083.5,2020-01-02,2026-04-28,1530
353,"ConsecDays(3) BIAS(10,-7,5)",,,,,,,,10,-7,5,,,,,,,,,,3,30.64,4.5,-46.99,83.33,5,1,12,2.26,0.3276,1083.5,2020-01-02,2026-04-28,1530
354,BIAS-mom(5) cross>-3% sell>=3%,,,,,,,,5,,3,,,,,-3,,,,,,30.62,4.5,-50.92,73.33,33,12,90,1.59,0.3003,1083.5,2020-01-02,2026-04-28,1530
355,"TrailStop(20%) RSI(14,35,65)",14,35,65,,,,,,,,,,,,,,,,20,,29.76,4.38,-49.12,61.54,16,10,52,1.36,0.2957,1083.5,2020-01-02,2026-04-28,1530
356,MT-BIAS buy=BIAS(5)<=-7% sell=BIAS(20)>=3%,,,,,,,,,,,5,-7,20,3,,,,,,,29.11,4.3,-35.45,66.67,6,3,18,2.51,0.2949,1083.5,2020-01-02,2026-04-28,1530
357,RSI-recovery(14) os<25 delta>=10 sell>75,14,,75,,,25,10,,,,,,,,,,,,,,28.21,4.18,-45.78,70.0,7,3,20,1.62,0.3029,1083.5,2020-01-02,2026-04-28,1530
358,MT-BIAS buy=BIAS(5)<=-5% sell=BIAS(15)>=3%,,,,,,,,,,,5,-5,15,3,,,,,,,28.14,4.17,-46.93,72.22,13,5,36,1.65,0.288,1083.5,2020-01-02,2026-04-28,1530
359,"BBw>=7% gate RSI(14,30,65)+BIAS(10,-3,5) bb_std=2.0",14,30,65,,,,,10,-3,5,,,,,,20,2.0,7,,,28.08,4.16,-48.35,63.64,7,4,22,1.47,0.2881,1083.5,2020-01-02,2026-04-28,1530
360,MT-BIAS buy=BIAS(7)<=-10% sell=BIAS(15)>=7%,,,,,,,,,,,7,-10,15,7,,,,,,,27.9,4.14,-35.45,60.0,3,2,10,2.18,0.2943,1083.5,2020-01-02,2026-04-28,1530
361,"BBw>=3% gate RSI(14,30,65)+BIAS(10,-3,5) bb_std=2.0",14,30,65,,,,,10,-3,5,,,,,,20,2.0,3,,,27.69,4.11,-48.35,63.64,7,4,22,1.46,0.2865,1083.5,2020-01-02,2026-04-28,1530
362,"BBw>=5% gate RSI(14,30,65)+BIAS(10,-3,5) bb_std=2.0",14,30,65,,,,,10,-3,5,,,,,,20,2.0,5,,,27.69,4.11,-48.35,63.64,7,4,22,1.46,0.2865,1083.5,2020-01-02,2026-04-28,1530
363,"BBw>=3% gate RSI(14,30,65)+BIAS(10,-3,5) bb_std=2.5",14,30,65,,,,,10,-3,5,,,,,,20,2.5,3,,,27.69,4.11,-48.35,63.64,7,4,22,1.46,0.2865,1083.5,2020-01-02,2026-04-28,1530
364,"BBw>=5% gate RSI(14,30,65)+BIAS(10,-3,5) bb_std=2.5",14,30,65,,,,,10,-3,5,,,,,,20,2.5,5,,,27.69,4.11,-48.35,63.64,7,4,22,1.46,0.2865,1083.5,2020-01-02,2026-04-28,1530
365,"BBw>=7% gate RSI(14,30,65)+BIAS(10,-3,5) bb_std=2.5",14,30,65,,,,,10,-3,5,,,,,,20,2.5,7,,,27.69,4.11,-48.35,63.64,7,4,22,1.46,0.2865,1083.5,2020-01-02,2026-04-28,1530
366,"ConsecDays(5) RSI(14,35,70)",14,35,70,,,,,,,,,,,,,,,,,5,27.42,4.07,-41.11,55.56,5,4,18,1.76,0.2888,1083.5,2020-01-02,2026-04-28,1530
367,MT-BIAS buy=BIAS(7)<=-10% sell=BIAS(15)>=5%,,,,,,,,,,,7,-10,15,5,,,,,,,27.07,4.02,-35.45,60.0,3,2,10,2.15,0.2894,1083.5,2020-01-02,2026-04-28,1530
368,MT-BIAS buy=BIAS(5)<=-5% sell=BIAS(15)>=10%,,,,,,,,,,,5,-5,15,10,,,,,,,27.03,4.02,-55.43,55.56,5,4,18,1.41,0.2869,1083.5,2020-01-02,2026-04-28,1530
369,MT-BIAS buy=BIAS(7)<=-7% sell=BIAS(15)>=3%,,,,,,,,,,,7,-7,15,3,,,,,,,26.9,4.0,-46.93,66.67,8,4,24,1.62,0.2825,1083.5,2020-01-02,2026-04-28,1530
370,"TrailStop(15%) BIAS(10,-5,5)",,,,,,,,10,-5,5,,,,,,,,,15,,26.17,3.9,-54.05,65.52,19,10,58,1.26,0.2803,1083.5,2020-01-02,2026-04-28,1530
371,BIAS-mom(20) cross>-7% sell>=10%,,,,,,,,20,,10,,,,,-7,,,,,,26.02,3.88,-49.27,57.14,4,3,14,1.45,0.2819,1083.5,2020-01-02,2026-04-28,1530
372,MT-BIAS buy=BIAS(5)<=-5% sell=BIAS(20)>=7%,,,,,,,,,,,5,-5,20,7,,,,,,,25.89,3.87,-56.17,58.33,7,5,24,1.41,0.2798,1083.5,2020-01-02,2026-04-28,1530
373,MT-BIAS buy=BIAS(5)<=-7% sell=BIAS(30)>=7%,,,,,,,,,,,5,-7,30,7,,,,,,,25.1,3.76,-40.26,57.14,4,3,14,2.33,0.2734,1083.5,2020-01-02,2026-04-28,1530
374,"TrailStop(5%) RSI(14,35,70)",14,35,70,,,,,,,,,,,,,,,,5,,24.78,3.71,-47.15,42.86,21,28,98,1.34,0.273,1083.5,2020-01-02,2026-04-28,1530
375,AsymRSI buy=RSI(10)<25 sell=RSI(21)>70,,25,70,10,21,,,,,,,,,,,,,,,,24.28,3.64,-48.02,61.54,8,5,26,1.42,0.271,1083.5,2020-01-02,2026-04-28,1530
376,"ConsecDays(3) BIAS(10,-7,7)",,,,,,,,10,-7,7,,,,,,,,,,3,24.19,3.63,-46.99,60.0,3,2,10,1.82,0.2769,1083.5,2020-01-02,2026-04-28,1530
377,BIAS-mom(5) cross>-5% sell>=7%,,,,,,,,5,,7,,,,,-5,,,,,,23.9,3.59,-58.7,60.0,3,2,10,1.47,0.2792,1083.5,2020-01-02,2026-04-28,1530
378,MT-BIAS buy=BIAS(7)<=-5% sell=BIAS(20)>=10%,,,,,,,,,,,7,-5,20,10,,,,,,,23.73,3.57,-56.96,57.14,4,3,14,1.48,0.2766,1083.5,2020-01-02,2026-04-28,1530
379,RSI-recovery(14) os<30 delta>=15 sell>75,14,,75,,,30,15,,,,,,,,,,,,,,23.69,3.56,-48.31,75.0,9,3,24,1.49,0.2724,1083.5,2020-01-02,2026-04-28,1530
380,MT-BIAS buy=BIAS(7)<=-10% sell=BIAS(15)>=3%,,,,,,,,,,,7,-10,15,3,,,,,,,23.35,3.52,-35.45,60.0,3,2,10,2.02,0.2673,1083.5,2020-01-02,2026-04-28,1530
381,MT-BIAS buy=BIAS(7)<=-5% sell=BIAS(15)>=10%,,,,,,,,,,,7,-5,15,10,,,,,,,22.7,3.43,-55.44,55.56,5,4,18,1.37,0.2705,1083.5,2020-01-02,2026-04-28,1530
382,MT-BIAS buy=BIAS(7)<=-7% sell=BIAS(15)>=5%,,,,,,,,,,,7,-7,15,5,,,,,,,22.22,3.36,-46.93,58.33,7,5,24,1.54,0.2595,1083.5,2020-01-02,2026-04-28,1530
383,"TrailStop(8%) BIAS(10,-7,5)",,,,,,,,10,-7,5,,,,,,,,,8,,21.72,3.29,-40.24,48.0,12,13,50,1.33,0.2588,1083.5,2020-01-02,2026-04-28,1530
384,BIAS-mom(20) cross>-5% sell>=3%,,,,,,,,20,,3,,,,,-5,,,,,,21.7,3.29,-44.07,80.0,20,5,50,1.42,0.255,1083.5,2020-01-02,2026-04-28,1530
385,"TrailStop(5%) RSI(14,35,65)",14,35,65,,,,,,,,,,,,,,,,5,,21.67,3.28,-44.96,44.9,22,27,98,1.32,0.2564,1083.5,2020-01-02,2026-04-28,1530
386,MT-BIAS buy=BIAS(3)<=-5% sell=BIAS(15)>=3%,,,,,,,,,,,3,-5,15,3,,,,,,,21.63,3.28,-39.07,81.82,9,2,22,1.81,0.2559,1083.5,2020-01-02,2026-04-28,1530
387,"TrailStop(15%) BIAS(10,-7,5)",,,,,,,,10,-7,5,,,,,,,,,15,,21.15,3.21,-45.21,65.0,13,7,40,1.31,0.254,1083.5,2020-01-02,2026-04-28,1530
388,MT-BIAS buy=BIAS(5)<=-7% sell=BIAS(20)>=5%,,,,,,,,,,,5,-7,20,5,,,,,,,21.09,3.2,-35.45,55.56,5,4,18,1.97,0.2531,1083.5,2020-01-02,2026-04-28,1530
389,MT-BIAS buy=BIAS(7)<=-5% sell=BIAS(30)>=3%,,,,,,,,,,,7,-5,30,3,,,,,,,20.96,3.18,-54.18,63.16,12,7,38,1.46,0.2556,1083.5,2020-01-02,2026-04-28,1530
390,MT-BIAS buy=BIAS(5)<=-5% sell=BIAS(30)>=7%,,,,,,,,,,,5,-5,30,7,,,,,,,20.72,3.15,-52.71,66.67,8,4,24,1.45,0.2575,1083.5,2020-01-02,2026-04-28,1530
391,MT-BIAS buy=BIAS(5)<=-7% sell=BIAS(15)>=7%,,,,,,,,,,,5,-7,15,7,,,,,,,20.45,3.11,-35.45,55.56,5,4,18,1.81,0.2496,1083.5,2020-01-02,2026-04-28,1530
392,MT-BIAS buy=BIAS(5)<=-5% sell=BIAS(15)>=7%,,,,,,,,,,,5,-5,15,7,,,,,,,20.18,3.07,-47.58,69.23,9,4,26,1.4,0.2548,1083.5,2020-01-02,2026-04-28,1530
393,"ConsecDays(3) RSI(14,30,70)",14,30,70,,,,,,,,,,,,,,,,,3,19.68,3.0,-42.22,66.67,6,3,18,1.55,0.2441,1083.5,2020-01-02,2026-04-28,1530
394,MT-BIAS buy=BIAS(5)<=-5% sell=BIAS(20)>=5%,,,,,,,,,,,5,-5,20,5,,,,,,,19.15,2.93,-47.58,66.67,10,5,30,1.36,0.248,1083.5,2020-01-02,2026-04-28,1530
395,BIAS-mom(5) cross>-5% sell>=5%,,,,,,,,5,,5,,,,,-5,,,,,,18.06,2.77,-49.11,50.0,5,5,20,1.28,0.2495,1083.5,2020-01-02,2026-04-28,1530
396,"BBw>=3% gate RSI(14,30,70)+BIAS(10,-5,7) bb_std=2.0",14,30,70,,,,,10,-5,7,,,,,,20,2.0,3,,,17.62,2.71,-59.81,57.14,4,3,14,1.47,0.2388,1083.5,2020-01-02,2026-04-28,1530
397,"BBw>=5% gate RSI(14,30,70)+BIAS(10,-5,7) bb_std=2.0",14,30,70,,,,,10,-5,7,,,,,,20,2.0,5,,,17.62,2.71,-59.81,57.14,4,3,14,1.47,0.2388,1083.5,2020-01-02,2026-04-28,1530
398,"BBw>=7% gate RSI(14,30,70)+BIAS(10,-5,7) bb_std=2.0",14,30,70,,,,,10,-5,7,,,,,,20,2.0,7,,,17.62,2.71,-59.81,57.14,4,3,14,1.47,0.2388,1083.5,2020-01-02,2026-04-28,1530
399,"BBw>=3% gate RSI(14,30,70)+BIAS(10,-5,7) bb_std=2.5",14,30,70,,,,,10,-5,7,,,,,,20,2.5,3,,,17.62,2.71,-59.81,57.14,4,3,14,1.47,0.2388,1083.5,2020-01-02,2026-04-28,1530
400,"BBw>=5% gate RSI(14,30,70)+BIAS(10,-5,7) bb_std=2.5",14,30,70,,,,,10,-5,7,,,,,,20,2.5,5,,,17.62,2.71,-59.81,57.14,4,3,14,1.47,0.2388,1083.5,2020-01-02,2026-04-28,1530
401,"BBw>=7% gate RSI(14,30,70)+BIAS(10,-5,7) bb_std=2.5",14,30,70,,,,,10,-5,7,,,,,,20,2.5,7,,,17.62,2.71,-59.81,57.14,4,3,14,1.47,0.2388,1083.5,2020-01-02,2026-04-28,1530
402,"BBw>=10% gate RSI(14,30,70)+BIAS(10,-5,7) bb_std=2.5",14,30,70,,,,,10,-5,7,,,,,,20,2.5,10,,,17.62,2.71,-59.81,57.14,4,3,14,1.47,0.2388,1083.5,2020-01-02,2026-04-28,1530
403,"BBw>=10% gate RSI(14,30,65)+BIAS(10,-3,5) bb_std=2.5",14,30,65,,,,,10,-3,5,,,,,,20,2.5,10,,,17.35,2.67,-50.65,60.0,6,4,20,1.32,0.24,1083.5,2020-01-02,2026-04-28,1530
404,"ConsecDays(5) RSI(14,35,65)",14,35,65,,,,,,,,,,,,,,,,,5,17.21,2.65,-41.11,55.56,5,4,18,1.48,0.2293,1083.5,2020-01-02,2026-04-28,1530
405,RSI-recovery(14) os<30 delta>=10 sell>70,14,,70,,,30,10,,,,,,,,,,,,,,17.2,2.65,-46.88,77.78,14,4,36,1.4,0.2304,1083.5,2020-01-02,2026-04-28,1530
406,"BBw>=10% gate RSI(14,30,70)+BIAS(10,-3,5) bb_std=2.0",14,30,70,,,,,10,-3,5,,,,,,20,2.0,10,,,17.02,2.62,-48.25,55.56,5,4,18,1.4,0.2384,1083.5,2020-01-02,2026-04-28,1530
407,"ConsecDays(3) BIAS(10,-5,7)",,,,,,,,10,-5,7,,,,,,,,,,3,16.59,2.56,-51.03,57.14,4,3,14,1.37,0.2271,1083.5,2020-01-02,2026-04-28,1530
408,"TrailStop(8%) BIAS(10,-5,7)",,,,,,,,10,-5,7,,,,,,,,,8,,16.33,2.52,-47.08,35.0,14,26,80,1.23,0.2316,1083.5,2020-01-02,2026-04-28,1530
409,RSI-recovery(14) os<25 delta>=15 sell>75,14,,75,,,25,15,,,,,,,,,,,,,,16.14,2.5,-47.8,70.0,7,3,20,1.41,0.2255,1083.5,2020-01-02,2026-04-28,1530
410,"BBw>=10% gate RSI(14,35,65)+BIAS(10,-5,5) bb_std=2.0",14,35,65,,,,,10,-5,5,,,,,,20,2.0,10,,,15.79,2.44,-52.11,60.0,6,4,20,1.32,0.2322,1083.5,2020-01-02,2026-04-28,1530
411,MT-BIAS buy=BIAS(5)<=-3% sell=BIAS(15)>=3%,,,,,,,,,,,5,-3,15,3,,,,,,,15.52,2.4,-47.5,69.44,25,11,72,1.3,0.2385,1083.5,2020-01-02,2026-04-28,1530
412,"ConsecDays(2) BIAS(10,-7,7)",,,,,,,,10,-7,7,,,,,,,,,,2,15.25,2.37,-53.41,62.5,5,3,16,1.36,0.2205,1083.5,2020-01-02,2026-04-28,1530
413,BIAS-mom(20) cross>-5% sell>=7%,,,,,,,,20,,7,,,,,-5,,,,,,15.21,2.36,-51.6,73.33,11,4,30,1.25,0.2268,1083.5,2020-01-02,2026-04-28,1530
414,MT-BIAS buy=BIAS(5)<=-7% sell=BIAS(15)>=3%,,,,,,,,,,,5,-7,15,3,,,,,,,15.15,2.35,-35.45,66.67,6,3,18,1.75,0.2198,1083.5,2020-01-02,2026-04-28,1530
415,MT-BIAS buy=BIAS(7)<=-5% sell=BIAS(20)>=7%,,,,,,,,,,,7,-5,20,7,,,,,,,14.79,2.3,-56.17,58.33,7,5,24,1.28,0.2322,1083.5,2020-01-02,2026-04-28,1530
416,"ConsecDays(5) RSI(14,35,75)",14,35,75,,,,,,,,,,,,,,,,,5,14.57,2.27,-41.11,50.0,4,4,16,1.41,0.2132,1083.5,2020-01-02,2026-04-28,1530
417,"BBw>=10% gate RSI(14,35,65)+BIAS(10,-3,5) bb_std=2.0",14,35,65,,,,,10,-3,5,,,,,,20,2.0,10,,,13.64,2.13,-53.0,60.0,6,4,20,1.28,0.2243,1083.5,2020-01-02,2026-04-28,1530
418,RSI-recovery(14) os<30 delta>=5 sell>70,14,,70,,,30,5,,,,,,,,,,,,,,13.18,2.06,-46.88,72.22,13,5,36,1.3,0.2085,1083.5,2020-01-02,2026-04-28,1530
419,BIAS-mom(10) cross>-7% sell>=3%,,,,,,,,10,,3,,,,,-7,,,,,,12.76,2.0,-49.63,75.0,12,4,32,1.36,0.2032,1083.5,2020-01-02,2026-04-28,1530
420,MT-BIAS buy=BIAS(3)<=-3% sell=BIAS(15)>=7%,,,,,,,,,,,3,-3,15,7,,,,,,,12.45,1.95,-54.45,58.82,10,7,34,1.23,0.2246,1083.5,2020-01-02,2026-04-28,1530
421,RSI-recovery(14) os<30 delta>=8 sell>70,14,,70,,,30,8,,,,,,,,,,,,,,11.47,1.8,-46.88,72.22,13,5,36,1.28,0.1983,1083.5,2020-01-02,2026-04-28,1530
422,"ConsecDays(5) RSI(14,40,70)",14,40,70,,,,,,,,,,,,,,,,,5,11.0,1.73,-44.06,60.0,9,6,30,1.28,0.2019,1083.5,2020-01-02,2026-04-28,1530
423,RSI-recovery(14) os<30 delta>=5 sell>65,14,,65,,,30,5,,,,,,,,,,,,,,10.47,1.65,-46.88,80.0,16,4,40,1.3,0.1886,1083.5,2020-01-02,2026-04-28,1530
424,MT-BIAS buy=BIAS(7)<=-5% sell=BIAS(15)>=7%,,,,,,,,,,,7,-5,15,7,,,,,,,10.42,1.65,-51.91,57.14,8,6,28,1.24,0.2111,1083.5,2020-01-02,2026-04-28,1530
425,BIAS-mom(10) cross>-7% sell>=7%,,,,,,,,10,,7,,,,,-7,,,,,,10.28,1.62,-46.9,63.64,7,4,22,1.21,0.2013,1083.5,2020-01-02,2026-04-28,1530
426,MT-BIAS buy=BIAS(7)<=-5% sell=BIAS(30)>=7%,,,,,,,,,,,7,-5,30,7,,,,,,,10.06,1.59,-52.71,66.67,8,4,24,1.28,0.2106,1083.5,2020-01-02,2026-04-28,1530
427,"TrailStop(5%) RSI(14,35,75)",14,35,75,,,,,,,,,,,,,,,,5,,10.06,1.59,-50.66,42.86,21,28,98,1.26,0.1895,1083.5,2020-01-02,2026-04-28,1530
428,MT-BIAS buy=BIAS(7)<=-5% sell=BIAS(20)>=3%,,,,,,,,,,,7,-5,20,3,,,,,,,9.75,1.54,-46.66,66.67,12,6,36,1.25,0.2014,1083.5,2020-01-02,2026-04-28,1530
429,"ConsecDays(3) RSI(14,35,70)",14,35,70,,,,,,,,,,,,,,,,,3,9.73,1.54,-41.59,57.14,8,6,28,1.27,0.1956,1083.5,2020-01-02,2026-04-28,1530
430,MT-BIAS buy=BIAS(3)<=-7% sell=BIAS(20)>=10%,,,,,,,,,,,3,-7,20,10,,,,,,,9.7,1.54,-55.03,75.0,3,1,8,1.94,0.2021,1083.5,2020-01-02,2026-04-28,1530
431,"TrailStop(10%) BIAS(10,-5,5)",,,,,,,,10,-5,5,,,,,,,,,10,,9.6,1.52,-46.83,50.0,18,18,72,1.19,0.1949,1083.5,2020-01-02,2026-04-28,1530
432,RSI-recovery(14) os<35 delta>=8 sell>70,14,,70,,,35,8,,,,,,,,,,,,,,9.46,1.5,-46.88,68.42,13,6,38,1.25,0.1909,1083.5,2020-01-02,2026-04-28,1530
433,RSI-recovery(7) os<35 delta>=5 sell>65,7,,65,,,35,5,,,,,,,,,,,,,,9.43,1.5,-57.73,68.89,31,14,90,1.27,0.2079,1083.5,2020-01-02,2026-04-28,1530
434,MT-BIAS buy=BIAS(3)<=-5% sell=BIAS(15)>=7%,,,,,,,,,,,3,-5,15,7,,,,,,,9.37,1.49,-47.51,70.0,7,3,20,1.26,0.1915,1083.5,2020-01-02,2026-04-28,1530
435,RSI-recovery(14) os<35 delta>=15 sell>75,14,,75,,,35,15,,,,,,,,,,,,,,8.83,1.4,-56.44,73.33,11,4,30,1.22,0.1787,1083.5,2020-01-02,2026-04-28,1530
436,RSI-recovery(14) os<30 delta>=8 sell>65,14,,65,,,30,8,,,,,,,,,,,,,,8.8,1.4,-46.88,80.0,16,4,40,1.28,0.1776,1083.5,2020-01-02,2026-04-28,1530
437,MT-BIAS buy=BIAS(5)<=-7% sell=BIAS(15)>=5%,,,,,,,,,,,5,-7,15,5,,,,,,,8.78,1.4,-35.45,55.56,5,4,18,1.43,0.1847,1083.5,2020-01-02,2026-04-28,1530
438,BIAS-mom(20) cross>-5% sell>=5%,,,,,,,,20,,5,,,,,-5,,,,,,8.48,1.35,-47.54,80.0,16,4,40,1.22,0.1853,1083.5,2020-01-02,2026-04-28,1530
439,MT-BIAS buy=BIAS(3)<=-5% sell=BIAS(30)>=7%,,,,,,,,,,,3,-5,30,7,,,,,,,8.19,1.31,-47.51,62.5,5,3,16,1.26,0.1898,1083.5,2020-01-02,2026-04-28,1530
440,AsymRSI buy=RSI(10)<25 sell=RSI(21)>65,,25,65,10,21,,,,,,,,,,,,,,,,8.07,1.29,-48.0,64.29,9,5,28,1.2,0.1908,1083.5,2020-01-02,2026-04-28,1530
441,RSI-recovery(7) os<35 delta>=5 sell>70,7,,70,,,35,5,,,,,,,,,,,,,,8.03,1.28,-57.64,70.73,29,12,82,1.24,0.2019,1083.5,2020-01-02,2026-04-28,1530
442,"ConsecDays(3) RSI(14,30,65)",14,30,65,,,,,,,,,,,,,,,,,3,8.0,1.28,-42.22,66.67,6,3,18,1.28,0.1689,1083.5,2020-01-02,2026-04-28,1530
443,RSI-recovery(14) os<35 delta>=5 sell>70,14,,70,,,35,5,,,,,,,,,,,,,,7.19,1.15,-46.88,68.42,13,6,38,1.21,0.1787,1083.5,2020-01-02,2026-04-28,1530
444,RSI-recovery(14) os<35 delta>=8 sell>65,14,,65,,,35,8,,,,,,,,,,,,,,6.79,1.09,-46.88,71.43,15,6,42,1.24,0.1707,1083.5,2020-01-02,2026-04-28,1530
445,"ConsecDays(3) RSI(14,30,75)",14,30,75,,,,,,,,,,,,,,,,,3,6.7,1.07,-42.84,62.5,5,3,16,1.29,0.1628,1083.5,2020-01-02,2026-04-28,1530
446,"ConsecDays(2) RSI(14,35,75)",14,35,75,,,,,,,,,,,,,,,,,2,6.5,1.04,-48.25,66.67,10,5,30,1.17,0.1861,1083.5,2020-01-02,2026-04-28,1530
447,BIAS-mom(5) cross>-7% sell>=3%,,,,,,,,5,,3,,,,,-7,,,,,,6.34,1.02,-35.38,81.82,9,2,22,1.53,0.1467,1083.5,2020-01-02,2026-04-28,1530
448,"BBw>=3% gate RSI(14,30,70)+BIAS(10,-5,5) bb_std=2.0",14,30,70,,,,,10,-5,5,,,,,,20,2.0,3,,,6.15,0.99,-55.65,50.0,4,4,16,1.22,0.1781,1083.5,2020-01-02,2026-04-28,1530
449,"BBw>=5% gate RSI(14,30,70)+BIAS(10,-5,5) bb_std=2.0",14,30,70,,,,,10,-5,5,,,,,,20,2.0,5,,,6.15,0.99,-55.65,50.0,4,4,16,1.22,0.1781,1083.5,2020-01-02,2026-04-28,1530
450,"BBw>=7% gate RSI(14,30,70)+BIAS(10,-5,5) bb_std=2.0",14,30,70,,,,,10,-5,5,,,,,,20,2.0,7,,,6.15,0.99,-55.65,50.0,4,4,16,1.22,0.1781,1083.5,2020-01-02,2026-04-28,1530
451,"BBw>=3% gate RSI(14,30,70)+BIAS(10,-5,5) bb_std=2.5",14,30,70,,,,,10,-5,5,,,,,,20,2.5,3,,,6.15,0.99,-55.65,50.0,4,4,16,1.22,0.1781,1083.5,2020-01-02,2026-04-28,1530
452,"BBw>=5% gate RSI(14,30,70)+BIAS(10,-5,5) bb_std=2.5",14,30,70,,,,,10,-5,5,,,,,,20,2.5,5,,,6.15,0.99,-55.65,50.0,4,4,16,1.22,0.1781,1083.5,2020-01-02,2026-04-28,1530
453,"BBw>=7% gate RSI(14,30,70)+BIAS(10,-5,5) bb_std=2.5",14,30,70,,,,,10,-5,5,,,,,,20,2.5,7,,,6.15,0.99,-55.65,50.0,4,4,16,1.22,0.1781,1083.5,2020-01-02,2026-04-28,1530
454,"BBw>=10% gate RSI(14,30,70)+BIAS(10,-5,5) bb_std=2.5",14,30,70,,,,,10,-5,5,,,,,,20,2.5,10,,,6.15,0.99,-55.65,50.0,4,4,16,1.22,0.1781,1083.5,2020-01-02,2026-04-28,1530
455,MT-BIAS buy=BIAS(5)<=-7% sell=BIAS(30)>=5%,,,,,,,,,,,5,-7,30,5,,,,,,,5.97,0.96,-44.65,57.14,4,3,14,1.4,0.1692,1083.5,2020-01-02,2026-04-28,1530
456,"TrailStop(20%) RSI(14,35,75)",14,35,75,,,,,,,,,,,,,,,,20,,5.74,0.92,-50.63,66.67,16,8,48,1.12,0.1824,1083.5,2020-01-02,2026-04-28,1530
457,MT-BIAS buy=BIAS(7)<=-5% sell=BIAS(20)>=5%,,,,,,,,,,,7,-5,20,5,,,,,,,5.33,0.86,-53.74,56.25,9,7,32,1.17,0.1821,1083.5,2020-01-02,2026-04-28,1530
458,MT-BIAS buy=BIAS(3)<=-3% sell=BIAS(30)>=3%,,,,,,,,,,,3,-3,30,3,,,,,,,4.59,0.74,-55.03,68.0,17,8,50,1.22,0.1754,1083.5,2020-01-02,2026-04-28,1530
459,RSI-recovery(14) os<35 delta>=10 sell>70,14,,70,,,35,10,,,,,,,,,,,,,,4.45,0.72,-46.88,68.42,13,6,38,1.19,0.1617,1083.5,2020-01-02,2026-04-28,1530
460,"BBw>=3% gate RSI(14,30,65)+BIAS(10,-5,7) bb_std=2.0",14,30,65,,,,,10,-5,7,,,,,,20,2.0,3,,,4.04,0.65,-62.29,57.14,4,3,14,1.14,0.1673,1083.5,2020-01-02,2026-04-28,1530
461,"BBw>=5% gate RSI(14,30,65)+BIAS(10,-5,7) bb_std=2.0",14,30,65,,,,,10,-5,7,,,,,,20,2.0,5,,,4.04,0.65,-62.29,57.14,4,3,14,1.14,0.1673,1083.5,2020-01-02,2026-04-28,1530
462,"BBw>=7% gate RSI(14,30,65)+BIAS(10,-5,7) bb_std=2.0",14,30,65,,,,,10,-5,7,,,,,,20,2.0,7,,,4.04,0.65,-62.29,57.14,4,3,14,1.14,0.1673,1083.5,2020-01-02,2026-04-28,1530
463,"BBw>=3% gate RSI(14,30,65)+BIAS(10,-5,7) bb_std=2.5",14,30,65,,,,,10,-5,7,,,,,,20,2.5,3,,,4.04,0.65,-62.29,57.14,4,3,14,1.14,0.1673,1083.5,2020-01-02,2026-04-28,1530
464,"BBw>=5% gate RSI(14,30,65)+BIAS(10,-5,7) bb_std=2.5",14,30,65,,,,,10,-5,7,,,,,,20,2.5,5,,,4.04,0.65,-62.29,57.14,4,3,14,1.14,0.1673,1083.5,2020-01-02,2026-04-28,1530
465,"BBw>=7% gate RSI(14,30,65)+BIAS(10,-5,7) bb_std=2.5",14,30,65,,,,,10,-5,7,,,,,,20,2.5,7,,,4.04,0.65,-62.29,57.14,4,3,14,1.14,0.1673,1083.5,2020-01-02,2026-04-28,1530
466,"BBw>=10% gate RSI(14,30,65)+BIAS(10,-5,7) bb_std=2.5",14,30,65,,,,,10,-5,7,,,,,,20,2.5,10,,,4.04,0.65,-62.29,57.14,4,3,14,1.14,0.1673,1083.5,2020-01-02,2026-04-28,1530
467,MT-BIAS buy=BIAS(7)<=-5% sell=BIAS(30)>=5%,,,,,,,,,,,7,-5,30,5,,,,,,,3.97,0.64,-57.12,64.29,9,5,28,1.17,0.1771,1083.5,2020-01-02,2026-04-28,1530
468,RSI-recovery(14) os<30 delta>=10 sell>65,14,,65,,,30,10,,,,,,,,,,,,,,3.72,0.6,-46.88,78.95,15,4,38,1.2,0.1425,1083.5,2020-01-02,2026-04-28,1530
469,MT-BIAS buy=BIAS(5)<=-5% sell=BIAS(30)>=5%,,,,,,,,,,,5,-5,30,5,,,,,,,2.82,0.46,-57.12,61.54,8,5,26,1.16,0.1693,1083.5,2020-01-02,2026-04-28,1530
470,"ConsecDays(5) RSI(14,40,65)",14,40,65,,,,,,,,,,,,,,,,,5,2.26,0.37,-44.06,64.71,11,6,34,1.17,0.1457,1083.5,2020-01-02,2026-04-28,1530
471,"ConsecDays(2) BIAS(10,-7,5)",,,,,,,,10,-7,5,,,,,,,,,,2,1.97,0.32,-46.93,60.0,6,4,20,1.17,0.133,1083.5,2020-01-02,2026-04-28,1530
472,MT-BIAS buy=BIAS(3)<=-3% sell=BIAS(20)>=5%,,,,,,,,,,,3,-3,20,5,,,,,,,1.92,0.31,-56.6,61.9,13,8,42,1.14,0.1677,1083.5,2020-01-02,2026-04-28,1530
473,MT-BIAS buy=BIAS(5)<=-10% sell=BIAS(20)>=10%,,,,,,,,,,,5,-10,20,10,,,,,,,1.87,0.31,-55.03,75.0,3,1,8,1.34,0.1624,1083.5,2020-01-02,2026-04-28,1530
474,"ConsecDays(3) RSI(14,35,65)",14,35,65,,,,,,,,,,,,,,,,,3,1.3,0.21,-41.91,66.67,10,5,30,1.15,0.1403,1083.5,2020-01-02,2026-04-28,1530
475,AsymRSI buy=RSI(10)<25 sell=RSI(14)>65,,25,65,10,14,,,,,,,,,,,,,,,,1.17,0.19,-44.09,64.71,11,6,34,1.13,0.1465,1083.5,2020-01-02,2026-04-28,1530
476,RSI-recovery(7) os<35 delta>=5 sell>75,7,,75,,,35,5,,,,,,,,,,,,,,0.87,0.14,-60.45,69.23,27,12,78,1.17,0.1678,1083.5,2020-01-02,2026-04-28,1530
477,MT-BIAS buy=BIAS(3)<=-3% sell=BIAS(30)>=7%,,,,,,,,,,,3,-3,30,7,,,,,,,0.85,0.14,-59.08,64.71,11,6,34,1.14,0.1669,1083.5,2020-01-02,2026-04-28,1530
478,"BBw>=10% gate RSI(14,30,65)+BIAS(10,-3,5) bb_std=2.0",14,30,65,,,,,10,-3,5,,,,,,20,2.0,10,,,0.78,0.13,-50.0,55.56,5,4,18,1.09,0.1548,1083.5,2020-01-02,2026-04-28,1530
479,"TrailStop(20%) RSI(14,30,75)",14,30,75,,,,,,,,,,,,,,,,20,,0.09,0.01,-49.14,65.22,15,8,46,1.08,0.133,1083.5,2020-01-02,2026-04-28,1530
480,RSI-recovery(7) os<35 delta>=8 sell>65,7,,65,,,35,8,,,,,,,,,,,,,,-0.18,-0.03,-58.35,68.89,31,14,90,1.18,0.159,1083.5,2020-01-02,2026-04-28,1530
481,RSI-recovery(14) os<35 delta>=10 sell>65,14,,65,,,35,10,,,,,,,,,,,,,,-0.29,-0.05,-46.88,71.43,15,6,42,1.14,0.1255,1083.5,2020-01-02,2026-04-28,1530
482,"BBw>=10% gate RSI(14,30,70)+BIAS(10,-5,7) bb_std=2.0",14,30,70,,,,,10,-5,7,,,,,,20,2.0,10,,,-0.3,-0.05,-59.81,50.0,3,3,12,1.07,0.1432,1083.5,2020-01-02,2026-04-28,1530
483,MT-BIAS buy=BIAS(5)<=-7% sell=BIAS(20)>=7%,,,,,,,,,,,5,-7,20,7,,,,,,,-0.36,-0.06,-44.65,57.14,4,3,14,1.12,0.1345,1083.5,2020-01-02,2026-04-28,1530
484,MT-BIAS buy=BIAS(3)<=-5% sell=BIAS(20)>=5%,,,,,,,,,,,3,-5,20,5,,,,,,,-0.67,-0.11,-47.51,70.0,7,3,20,1.09,0.1308,1083.5,2020-01-02,2026-04-28,1530
485,RSI-recovery(14) os<35 delta>=5 sell>65,14,,65,,,35,5,,,,,,,,,,,,,,-1.3,-0.22,-46.88,66.67,14,7,42,1.11,0.1216,1083.5,2020-01-02,2026-04-28,1530
486,RSI-recovery(7) os<35 delta>=8 sell>70,7,,70,,,35,8,,,,,,,,,,,,,,-1.47,-0.24,-58.27,70.73,29,12,82,1.15,0.1531,1083.5,2020-01-02,2026-04-28,1530
487,"ConsecDays(2) BIAS(10,-5,5)",,,,,,,,10,-5,5,,,,,,,,,,2,-1.81,-0.3,-56.99,64.29,9,5,28,1.07,0.133,1083.5,2020-01-02,2026-04-28,1530
488,AsymRSI buy=RSI(10)<25 sell=RSI(14)>75,,25,75,10,14,,,,,,,,,,,,,,,,-2.95,-0.49,-48.0,64.29,9,5,28,1.05,0.1273,1083.5,2020-01-02,2026-04-28,1530
489,BIAS-mom(20) cross>-3% sell>=7%,,,,,,,,20,,7,,,,,-3,,,,,,-2.95,-0.49,-49.98,75.0,12,4,32,1.06,0.1424,1083.5,2020-01-02,2026-04-28,1530
490,MT-BIAS buy=BIAS(7)<=-10% sell=BIAS(20)>=10%,,,,,,,,,,,7,-10,20,10,,,,,,,-3.87,-0.65,-55.03,50.0,2,2,8,0.88,0.1313,1083.5,2020-01-02,2026-04-28,1530
491,BIAS-mom(20) cross>-3% sell>=3%,,,,,,,,20,,3,,,,,-3,,,,,,-4.1,-0.69,-46.85,75.86,22,7,58,1.13,0.1143,1083.5,2020-01-02,2026-04-28,1530
492,"ConsecDays(3) BIAS(10,-5,5)",,,,,,,,10,-5,5,,,,,,,,,,3,-5.49,-0.93,-49.9,55.56,5,4,18,0.96,0.084,1083.5,2020-01-02,2026-04-28,1530
493,RSI-recovery(14) os<35 delta>=5 sell>75,14,,75,,,35,5,,,,,,,,,,,,,,-5.71,-0.96,-48.15,68.75,11,5,32,1.02,0.1046,1083.5,2020-01-02,2026-04-28,1530
494,RSI-recovery(7) os<30 delta>=5 sell>70,7,,70,,,30,5,,,,,,,,,,,,,,-6.01,-1.01,-58.28,69.23,27,12,78,1.1,0.1223,1083.5,2020-01-02,2026-04-28,1530
495,BIAS-mom(20) cross>-2% sell>=7%,,,,,,,,20,,7,,,,,-2,,,,,,-7.07,-1.2,-52.81,72.22,13,5,36,1.02,0.1191,1083.5,2020-01-02,2026-04-28,1530
496,AsymRSI buy=RSI(10)<25 sell=RSI(14)>70,,25,70,10,14,,,,,,,,,,,,,,,,-7.1,-1.21,-45.49,60.0,9,6,30,1.01,0.1003,1083.5,2020-01-02,2026-04-28,1530
497,"ConsecDays(5) RSI(14,30,75)",14,30,75,,,,,,,,,,,,,,,,,5,-7.17,-1.22,-41.35,40.0,2,3,10,0.86,0.0458,1083.5,2020-01-02,2026-04-28,1530
498,RSI-recovery(7) os<35 delta>=8 sell>75,7,,75,,,35,8,,,,,,,,,,,,,,-8.0,-1.36,-61.03,69.23,27,12,78,1.08,0.1191,1083.5,2020-01-02,2026-04-28,1530
499,"BBw>=3% gate RSI(14,30,65)+BIAS(10,-5,5) bb_std=2.0",14,30,65,,,,,10,-5,5,,,,,,20,2.0,3,,,-8.57,-1.47,-61.59,50.0,4,4,16,0.93,0.0885,1083.5,2020-01-02,2026-04-28,1530
500,"BBw>=5% gate RSI(14,30,65)+BIAS(10,-5,5) bb_std=2.0",14,30,65,,,,,10,-5,5,,,,,,20,2.0,5,,,-8.57,-1.47,-61.59,50.0,4,4,16,0.93,0.0885,1083.5,2020-01-02,2026-04-28,1530
501,"BBw>=7% gate RSI(14,30,65)+BIAS(10,-5,5) bb_std=2.0",14,30,65,,,,,10,-5,5,,,,,,20,2.0,7,,,-8.57,-1.47,-61.59,50.0,4,4,16,0.93,0.0885,1083.5,2020-01-02,2026-04-28,1530
502,"BBw>=3% gate RSI(14,30,65)+BIAS(10,-5,5) bb_std=2.5",14,30,65,,,,,10,-5,5,,,,,,20,2.5,3,,,-8.57,-1.47,-61.59,50.0,4,4,16,0.93,0.0885,1083.5,2020-01-02,2026-04-28,1530
503,"BBw>=5% gate RSI(14,30,65)+BIAS(10,-5,5) bb_std=2.5",14,30,65,,,,,10,-5,5,,,,,,20,2.5,5,,,-8.57,-1.47,-61.59,50.0,4,4,16,0.93,0.0885,1083.5,2020-01-02,2026-04-28,1530
504,"BBw>=7% gate RSI(14,30,65)+BIAS(10,-5,5) bb_std=2.5",14,30,65,,,,,10,-5,5,,,,,,20,2.5,7,,,-8.57,-1.47,-61.59,50.0,4,4,16,0.93,0.0885,1083.5,2020-01-02,2026-04-28,1530
505,"BBw>=10% gate RSI(14,30,65)+BIAS(10,-5,5) bb_std=2.5",14,30,65,,,,,10,-5,5,,,,,,20,2.5,10,,,-8.57,-1.47,-61.59,50.0,4,4,16,0.93,0.0885,1083.5,2020-01-02,2026-04-28,1530
506,MT-BIAS buy=BIAS(3)<=-5% sell=BIAS(20)>=7%,,,,,,,,,,,3,-5,20,7,,,,,,,-9.63,-1.65,-49.19,62.5,5,3,16,0.9,0.0823,1083.5,2020-01-02,2026-04-28,1530
507,RSI-recovery(14) os<35 delta>=8 sell>75,14,,75,,,35,8,,,,,,,,,,,,,,-9.8,-1.68,-50.26,68.75,11,5,32,0.97,0.078,1083.5,2020-01-02,2026-04-28,1530
508,"BBw>=10% gate RSI(14,30,70)+BIAS(10,-5,5) bb_std=2.0",14,30,70,,,,,10,-5,5,,,,,,20,2.0,10,,,-10.02,-1.72,-55.65,42.86,3,4,14,0.85,0.0806,1083.5,2020-01-02,2026-04-28,1530
509,RSI-recovery(7) os<30 delta>=8 sell>70,7,,70,,,30,8,,,,,,,,,,,,,,-10.08,-1.73,-58.9,69.23,27,12,78,1.06,0.0969,1083.5,2020-01-02,2026-04-28,1530
510,"ConsecDays(5) RSI(14,30,70)",14,30,70,,,,,,,,,,,,,,,,,5,-10.1,-1.74,-42.95,40.0,2,3,10,0.78,0.02,1083.5,2020-01-02,2026-04-28,1530
511,RSI-recovery(14) os<30 delta>=10 sell>75,14,,75,,,30,10,,,,,,,,,,,,,,-10.19,-1.76,-48.15,73.33,11,4,30,0.97,0.058,1083.5,2020-01-02,2026-04-28,1530
512,MT-BIAS buy=BIAS(3)<=-3% sell=BIAS(30)>=5%,,,,,,,,,,,3,-3,30,5,,,,,,,-10.33,-1.78,-59.79,63.16,12,7,38,0.99,0.1009,1083.5,2020-01-02,2026-04-28,1530
513,MT-BIAS buy=BIAS(3)<=-5% sell=BIAS(15)>=5%,,,,,,,,,,,3,-5,15,5,,,,,,,-10.71,-1.85,-47.51,70.0,7,3,20,0.89,0.0655,1083.5,2020-01-02,2026-04-28,1530
514,"BBw>=10% gate RSI(14,30,65)+BIAS(10,-5,7) bb_std=2.0",14,30,65,,,,,10,-5,7,,,,,,20,2.0,10,,,-11.81,-2.05,-62.29,50.0,3,3,12,0.82,0.0704,1083.5,2020-01-02,2026-04-28,1530
515,MT-BIAS buy=BIAS(7)<=-5% sell=BIAS(15)>=3%,,,,,,,,,,,7,-5,15,3,,,,,,,-11.86,-2.06,-48.26,66.67,12,6,36,0.97,0.0789,1083.5,2020-01-02,2026-04-28,1530
516,BIAS-mom(20) cross>-7% sell>=7%,,,,,,,,20,,7,,,,,-7,,,,,,-12.04,-2.09,-53.29,54.55,6,5,22,0.9,0.0727,1083.5,2020-01-02,2026-04-28,1530
517,RSI-recovery(14) os<30 delta>=5 sell>75,14,,75,,,30,5,,,,,,,,,,,,,,-12.33,-2.14,-48.15,73.33,11,4,30,0.95,0.0482,1083.5,2020-01-02,2026-04-28,1530
518,MT-BIAS buy=BIAS(3)<=-3% sell=BIAS(20)>=3%,,,,,,,,,,,3,-3,20,3,,,,,,,-12.41,-2.16,-53.29,66.67,16,8,48,1.01,0.0794,1083.5,2020-01-02,2026-04-28,1530
519,RSI-recovery(7) os<35 delta>=10 sell>65,7,,65,,,35,10,,,,,,,,,,,,,,-12.51,-2.18,-59.49,68.89,31,14,90,1.06,0.0881,1083.5,2020-01-02,2026-04-28,1530
520,BIAS-mom(10) cross>-5% sell>=5%,,,,,,,,10,,5,,,,,-5,,,,,,-12.71,-2.21,-51.86,63.16,12,7,38,0.95,0.0822,1083.5,2020-01-02,2026-04-28,1530
521,BIAS-mom(20) cross>-2% sell>=3%,,,,,,,,20,,3,,,,,-2,,,,,,-12.77,-2.22,-46.81,73.53,25,9,68,1.03,0.0585,1083.5,2020-01-02,2026-04-28,1530
522,"ConsecDays(5) RSI(14,40,75)",14,40,75,,,,,,,,,,,,,,,,,5,-13.06,-2.28,-48.19,61.54,8,5,26,0.92,0.0586,1083.5,2020-01-02,2026-04-28,1530
523,MT-BIAS buy=BIAS(3)<=-5% sell=BIAS(30)>=5%,,,,,,,,,,,3,-5,30,5,,,,,,,-13.15,-2.29,-49.19,62.5,5,3,16,0.81,0.0506,1083.5,2020-01-02,2026-04-28,1530
524,RSI-recovery(7) os<30 delta>=5 sell>65,7,,65,,,30,5,,,,,,,,,,,,,,-13.57,-2.37,-60.91,68.29,28,13,82,1.03,0.0752,1083.5,2020-01-02,2026-04-28,1530
525,RSI-recovery(7) os<35 delta>=10 sell>70,7,,70,,,35,10,,,,,,,,,,,,,,-13.64,-2.39,-59.41,68.29,28,13,82,1.03,0.0826,1083.5,2020-01-02,2026-04-28,1530
526,"ConsecDays(3) RSI(14,35,75)",14,35,75,,,,,,,,,,,,,,,,,3,-13.65,-2.39,-48.25,58.33,7,5,24,0.9,0.0565,1083.5,2020-01-02,2026-04-28,1530
527,RSI-recovery(14) os<35 delta>=10 sell>75,14,,75,,,35,10,,,,,,,,,,,,,,-13.93,-2.44,-51.67,68.75,11,5,32,0.91,0.049,1083.5,2020-01-02,2026-04-28,1530
528,RSI-recovery(14) os<30 delta>=8 sell>75,14,,75,,,30,8,,,,,,,,,,,,,,-14.51,-2.55,-48.15,73.33,11,4,30,0.92,0.0321,1083.5,2020-01-02,2026-04-28,1530
529,BIAS-mom(5) cross>-5% sell>=3%,,,,,,,,5,,3,,,,,-5,,,,,,-14.9,-2.62,-44.74,63.64,14,8,44,0.91,0.0058,1083.5,2020-01-02,2026-04-28,1530
530,RSI-recovery(7) os<25 delta>=5 sell>70,7,,70,,,25,5,,,,,,,,,,,,,,-14.95,-2.63,-50.49,73.53,25,9,68,1.01,0.0585,1083.5,2020-01-02,2026-04-28,1530
531,MT-BIAS buy=BIAS(5)<=-5% sell=BIAS(15)>=5%,,,,,,,,,,,5,-5,15,5,,,,,,,-16.07,-2.84,-50.34,64.29,9,5,28,0.88,0.0554,1083.5,2020-01-02,2026-04-28,1530
532,RSI-recovery(7) os<25 delta>=5 sell>65,7,,65,,,25,5,,,,,,,,,,,,,,-16.49,-2.93,-49.43,74.29,26,9,70,1.0,0.0457,1083.5,2020-01-02,2026-04-28,1530
533,MT-BIAS buy=BIAS(5)<=-7% sell=BIAS(15)>=10%,,,,,,,,,,,5,-7,15,10,,,,,,,-16.56,-2.94,-54.56,50.0,3,3,12,0.67,0.0368,1083.5,2020-01-02,2026-04-28,1530
534,RSI-recovery(7) os<30 delta>=8 sell>65,7,,65,,,30,8,,,,,,,,,,,,,,-17.31,-3.08,-61.48,68.29,28,13,82,0.99,0.0493,1083.5,2020-01-02,2026-04-28,1530
535,"ConsecDays(5) RSI(14,30,65)",14,30,65,,,,,,,,,,,,,,,,,5,-17.31,-3.08,-47.23,40.0,2,3,10,0.61,-0.055,1083.5,2020-01-02,2026-04-28,1530
536,BIAS-mom(10) cross>-2% sell>=5%,,,,,,,,10,,5,,,,,-2,,,,,,-17.67,-3.15,-56.35,71.43,20,8,56,0.93,0.0668,1083.5,2020-01-02,2026-04-28,1530
537,BIAS-mom(20) cross>-3% sell>=5%,,,,,,,,20,,5,,,,,-3,,,,,,-17.92,-3.2,-47.49,71.43,15,6,42,0.91,0.0353,1083.5,2020-01-02,2026-04-28,1530
538,RSI-recovery(7) os<30 delta>=5 sell>75,7,,75,,,30,5,,,,,,,,,,,,,,-19.15,-3.44,-64.48,66.67,24,12,72,0.94,0.0443,1083.5,2020-01-02,2026-04-28,1530
539,RSI-recovery(7) os<35 delta>=10 sell>75,7,,75,,,35,10,,,,,,,,,,,,,,-19.37,-3.48,-62.1,66.67,26,13,78,0.96,0.0488,1083.5,2020-01-02,2026-04-28,1530
540,BIAS-mom(10) cross>-7% sell>=5%,,,,,,,,10,,5,,,,,-7,,,,,,-19.63,-3.53,-51.33,57.14,8,6,28,0.79,-0.0031,1083.5,2020-01-02,2026-04-28,1530
541,MT-BIAS buy=BIAS(3)<=-3% sell=BIAS(15)>=3%,,,,,,,,,,,3,-3,15,3,,,,,,,-20.96,-3.8,-55.41,66.67,16,8,48,0.9,0.0269,1083.5,2020-01-02,2026-04-28,1530
542,MT-BIAS buy=BIAS(3)<=-3% sell=BIAS(15)>=5%,,,,,,,,,,,3,-3,15,5,,,,,,,-21.31,-3.87,-58.24,63.16,12,7,38,0.88,0.0345,1083.5,2020-01-02,2026-04-28,1530
543,RSI-recovery(7) os<30 delta>=10 sell>70,7,,70,,,30,10,,,,,,,,,,,,,,-21.48,-3.9,-61.41,69.23,27,12,78,0.94,0.021,1083.5,2020-01-02,2026-04-28,1530
544,BIAS-mom(10) cross>-3% sell>=5%,,,,,,,,10,,5,,,,,-3,,,,,,-22.14,-4.04,-57.22,69.23,18,8,52,0.87,0.0338,1083.5,2020-01-02,2026-04-28,1530
545,RSI-recovery(7) os<25 delta>=8 sell>70,7,,70,,,25,8,,,,,,,,,,,,,,-22.26,-4.06,-50.63,73.53,25,9,68,0.93,0.0066,1083.5,2020-01-02,2026-04-28,1530
546,"BBw>=10% gate RSI(14,30,65)+BIAS(10,-5,5) bb_std=2.0",14,30,65,,,,,10,-5,5,,,,,,20,2.0,10,,,-22.5,-4.11,-61.59,42.86,3,4,14,0.64,-0.0107,1083.5,2020-01-02,2026-04-28,1530
547,RSI-recovery(7) os<30 delta>=8 sell>75,7,,75,,,30,8,,,,,,,,,,,,,,-22.66,-4.14,-65.0,66.67,24,12,72,0.9,0.0186,1083.5,2020-01-02,2026-04-28,1530
548,RSI-recovery(7) os<35 delta>=15 sell>70,7,,70,,,35,15,,,,,,,,,,,,,,-22.7,-4.15,-63.45,65.85,27,14,82,0.93,0.0238,1083.5,2020-01-02,2026-04-28,1530
549,MT-BIAS buy=BIAS(3)<=-5% sell=BIAS(20)>=10%,,,,,,,,,,,3,-5,20,10,,,,,,,-22.77,-4.17,-63.37,40.0,2,3,10,0.58,0.0299,1083.5,2020-01-02,2026-04-28,1530
550,BIAS-mom(20) cross>-2% sell>=5%,,,,,,,,20,,5,,,,,-2,,,,,,-23.56,-4.33,-49.83,75.0,18,6,48,0.86,-0.0043,1083.5,2020-01-02,2026-04-28,1530
551,RSI-recovery(7) os<25 delta>=8 sell>65,7,,65,,,25,8,,,,,,,,,,,,,,-23.67,-4.35,-52.12,74.29,26,9,70,0.92,-0.0067,1083.5,2020-01-02,2026-04-28,1530
552,MT-BIAS buy=BIAS(7)<=-5% sell=BIAS(15)>=5%,,,,,,,,,,,7,-5,15,5,,,,,,,-23.9,-4.4,-56.28,53.33,8,7,30,0.8,0.0062,1083.5,2020-01-02,2026-04-28,1530
553,RSI-recovery(7) os<25 delta>=5 sell>75,7,,75,,,25,5,,,,,,,,,,,,,,-24.28,-4.48,-51.89,71.88,23,9,64,0.9,-0.0042,1083.5,2020-01-02,2026-04-28,1530
554,MT-BIAS buy=BIAS(3)<=-5% sell=BIAS(15)>=10%,,,,,,,,,,,3,-5,15,10,,,,,,,-24.32,-4.49,-58.28,57.14,4,3,14,0.66,-0.0097,1083.5,2020-01-02,2026-04-28,1530
555,"TrailStop(8%) BIAS(10,-5,5)",,,,,,,,10,-5,5,,,,,,,,,8,,-24.84,-4.59,-49.18,39.02,16,25,82,0.95,-0.0517,1083.5,2020-01-02,2026-04-28,1530
556,RSI-recovery(7) os<35 delta>=15 sell>75,7,,75,,,35,15,,,,,,,,,,,,,,-25.01,-4.63,-64.55,64.1,25,14,78,0.9,0.0107,1083.5,2020-01-02,2026-04-28,1530
557,RSI-recovery(7) os<35 delta>=15 sell>65,7,,65,,,35,15,,,,,,,,,,,,,,-25.58,-4.75,-65.33,64.44,29,16,90,0.93,0.0014,1083.5,2020-01-02,2026-04-28,1530
558,"TrailStop(5%) BIAS(10,-5,5)",,,,,,,,10,-5,5,,,,,,,,,5,,-26.09,-4.86,-49.18,38.3,18,29,94,0.98,-0.0748,1083.5,2020-01-02,2026-04-28,1530
559,BIAS-mom(20) cross>-7% sell>=5%,,,,,,,,20,,5,,,,,-7,,,,,,-26.49,-4.94,-53.58,57.14,8,6,28,0.71,-0.0453,1083.5,2020-01-02,2026-04-28,1530
560,RSI-recovery(7) os<30 delta>=10 sell>65,7,,65,,,30,10,,,,,,,,,,,,,,-27.79,-5.22,-63.84,68.29,28,13,82,0.89,-0.0277,1083.5,2020-01-02,2026-04-28,1530
561,MT-BIAS buy=BIAS(5)<=-7% sell=BIAS(20)>=10%,,,,,,,,,,,5,-7,20,10,,,,,,,-28.01,-5.27,-66.09,25.0,1,3,8,0.25,-0.011,1083.5,2020-01-02,2026-04-28,1530
562,BIAS-mom(20) cross>-7% sell>=3%,,,,,,,,20,,3,,,,,-7,,,,,,-28.11,-5.29,-53.76,60.0,9,6,30,0.67,-0.0674,1083.5,2020-01-02,2026-04-28,1530
563,"TrailStop(5%) BIAS(10,-7,5)",,,,,,,,10,-7,5,,,,,,,,,5,,-28.25,-5.32,-40.62,35.71,10,18,56,0.83,-0.1575,1083.5,2020-01-02,2026-04-28,1530
564,"TrailStop(5%) BIAS(10,-7,7)",,,,,,,,10,-7,7,,,,,,,,,5,,-29.12,-5.51,-42.63,35.71,10,18,56,0.81,-0.1535,1083.5,2020-01-02,2026-04-28,1530
565,RSI-recovery(7) os<25 delta>=8 sell>75,7,,75,,,25,8,,,,,,,,,,,,,,-30.79,-5.88,-56.05,71.88,23,9,64,0.82,-0.056,1083.5,2020-01-02,2026-04-28,1530
566,RSI-recovery(7) os<30 delta>=15 sell>70,7,,70,,,30,15,,,,,,,,,,,,,,-31.51,-6.04,-66.14,66.67,26,13,78,0.83,-0.0554,1083.5,2020-01-02,2026-04-28,1530
567,RSI-recovery(7) os<25 delta>=10 sell>70,7,,70,,,25,10,,,,,,,,,,,,,,-32.11,-6.18,-53.65,73.53,25,9,68,0.83,-0.0735,1083.5,2020-01-02,2026-04-28,1530
568,RSI-recovery(7) os<30 delta>=10 sell>75,7,,75,,,30,10,,,,,,,,,,,,,,-32.46,-6.26,-67.14,66.67,24,12,72,0.79,-0.0571,1083.5,2020-01-02,2026-04-28,1530
569,RSI-recovery(7) os<25 delta>=10 sell>65,7,,65,,,25,10,,,,,,,,,,,,,,-33.35,-6.46,-55.05,74.29,26,9,70,0.83,-0.0877,1083.5,2020-01-02,2026-04-28,1530
570,RSI-recovery(7) os<30 delta>=15 sell>65,7,,65,,,30,15,,,,,,,,,,,,,,-37.08,-7.35,-68.3,65.85,27,14,82,0.79,-0.1056,1083.5,2020-01-02,2026-04-28,1530
571,RSI-recovery(7) os<30 delta>=15 sell>75,7,,75,,,30,15,,,,,,,,,,,,,,-38.8,-7.77,-70.05,63.89,23,13,72,0.72,-0.1117,1083.5,2020-01-02,2026-04-28,1530
572,"TrailStop(5%) BIAS(10,-5,7)",,,,,,,,10,-5,7,,,,,,,,,5,,-38.91,-7.8,-48.13,35.56,16,29,90,0.85,-0.1869,1083.5,2020-01-02,2026-04-28,1530
573,RSI-recovery(7) os<25 delta>=10 sell>75,7,,75,,,25,10,,,,,,,,,,,,,,-39.56,-7.96,-58.74,71.88,23,9,64,0.73,-0.136,1083.5,2020-01-02,2026-04-28,1530
574,BIAS-mom(10) cross>-5% sell>=3%,,,,,,,,10,,3,,,,,-5,,,,,,-40.1,-8.1,-62.01,66.67,16,8,48,0.68,-0.153,1083.5,2020-01-02,2026-04-28,1530
575,RSI-recovery(7) os<25 delta>=15 sell>70,7,,70,,,25,15,,,,,,,,,,,,,,-40.97,-8.32,-59.46,70.59,24,10,68,0.74,-0.1556,1083.5,2020-01-02,2026-04-28,1530
576,RSI-recovery(7) os<25 delta>=15 sell>65,7,,65,,,25,15,,,,,,,,,,,,,,-42.09,-8.6,-60.72,71.43,25,10,70,0.73,-0.1713,1083.5,2020-01-02,2026-04-28,1530
577,RSI-recovery(7) os<25 delta>=15 sell>75,7,,75,,,25,15,,,,,,,,,,,,,,-45.4,-9.49,-62.5,68.75,22,10,64,0.66,-0.1954,1083.5,2020-01-02,2026-04-28,1530
578,BIAS-mom(10) cross>-2% sell>=3%,,,,,,,,10,,3,,,,,-2,,,,,,-48.92,-10.47,-68.79,72.73,32,12,88,0.67,-0.2136,1083.5,2020-01-02,2026-04-28,1530
579,BIAS-mom(10) cross>-3% sell>=3%,,,,,,,,10,,3,,,,,-3,,,,,,-52.58,-11.56,-70.67,69.23,27,12,78,0.58,-0.2636,1083.5,2020-01-02,2026-04-28,1530
580,BIAS-mom(5) cross>-7% sell>=5%,,,,,,,,5,,5,,,,,-7,,,,,,-57.2,-13.04,-69.15,28.57,2,5,14,0.09,-0.3496,1083.5,2020-01-02,2026-04-28,1530
581,BIAS-mom(5) cross>-7% sell>=7%,,,,,,,,5,,7,,,,,-7,,,,,,-59.19,-13.72,-70.58,20.0,1,4,10,0.04,-0.3213,1083.5,2020-01-02,2026-04-28,1530
